SeasonID,SprintIndex,DriverIDT,CountryCode,FullName,FirstName,LastName,Team,Color,EngineColor,CountryCodeRus,Engine,CountryColor,RacesParticipatedAllTeams,OvertakesGainPercentAllTeams,StartGainPercentAllTeams,OvertakesSumAllTeams,StartGainSumAllTeams,OvertakesLostSumAllTeams,OvertakesGainSumAllTeams,CountryPointsOfficial,OvertakesTotalSumAllTeams,RacesParticipatedGroup,StartTotalSumAllTeams,TeamPointsOfficial,Number,StartSumAllTeams,GridPositionAvgAllTeams,RacesParticipatedGroupAllTeams,ChampionshipClassification,StartLostSumAllTeams,DriverID,EnginePointsOfficial,PointsOfficialSumAllTeams,PointsOfficialSum,CardSumAllTeams,CardMultipleSumAllTeams,CardAvgAllTeams,CardsEventSumAllTeams,CardPointsSumAllTeams,CardPaceSumAllTeams,CardConsistencySumAllTeams,CardStartSumAllTeams,CardOvertakesSumAllTeams,MistakesLossesAvgAllTeams,MistakesLossesPerLapAvgAllTeams,MistakesCountAvgAllTeams,MistakesCountSumAllTeams,MistakesCountPerLapPercAllTeams,WinnerRaceSumAllTeams,PodiumRaceSumAllTeams,SecondRaceSumAllTeams,ThirdRaceSumAllTeams,WinnerSprintSumAllTeams,PodiumSprintSumAllTeams,SecondSprintSumAllTeams,ThirdSprintSumAllTeams,WinnerQualiRaceSumAllTeams,SecondQualiRaceSumAllTeams,ThirdQualiRaceSumAllTeams,WinnerQualiSprintSumAllTeams,SecondQualiSprintSumAllTeams,ThirdQualiSprintSumAllTeams,QualiTeammateDiscreteClearSumAllTeams,QualiTeammateDiscreteClearRaceSumAllTeams,QualiTeammateDiscreteRaceSumAllTeams,LapsLeadingSumAllTeams
2021,2,2_Red_Bull_Racing,NLD,Max Verstappen,Max,Verstappen,Red Bull Racing,#1E5BC6,#DE0000,Нидерланды,Honda,#F75600,25.0,82,68,18,13,5,23,395.5,28.0,1.0,19.0,585.5,33,7,2.72,1.0,1,6,2,585.5,395.5,395.5,15,7,0.62,23,8,10,4,0,1,2.621,0.0459,5.30,122,9.59,9,18,8,0,1,3,2,0,8,5,8,0,0,0,20,20,20,670
2021,2,1_Mercedes,GBR,Lewis Hamilton,Lewis,Hamilton,Mercedes,#00D2BE,#707070,Великобритания,Mercedes,#314486,25.0,73,52,30,12,18,48,563.5,66.0,1.0,23.0,613.5,44,1,3.60,1.0,2,11,1,988.5,387.5,387.5,14,4,0.58,18,1,11,0,3,3,4.162,0.0689,5.79,139,10.45,8,17,8,0,0,1,1,0,8,9,2,0,0,0,17,17,17,297
2021,2,3_Mercedes,FIN,Valtteri Bottas,Valtteri,Bottas,Mercedes,#00D2BE,#707070,Финляндия,Mercedes,#04276B,25.0,70,26,18,6,14,33,236,47.0,1.0,23.0,613.5,77,-11,5.04,1.0,3,17,3,988.5,226,226,7,1,0.29,9,2,2,3,0,2,3.989,0.0709,4.91,113,9.44,1,11,1,9,2,3,0,1,3,4,8,0,0,0,5,5,5,122
2021,2,5_Red_Bull_Racing,MEX,Sergio Perez,Sergio,Perez,Red Bull Racing,#1E5BC6,#DE0000,Мексика,Honda,#006640,25.0,68,58,32,11,28,60,190,88.0,1.0,19.0,585.5,11,3,7.68,1.0,4,8,5,585.5,190,190,5,2,0.21,6,1,0,1,0,4,6.404,0.1447,5.83,134,10.75,1,5,0,4,0,0,0,0,0,1,2,0,0,0,1,1,2,46
2021,2,8_Ferrari,ESP,Carlos Sainz,Carlos,Sainz,Ferrari,#CC1400,#DC0004,Испания,Ferrari,#F7B800,25.0,62,39,20,17,32,52,245.5,84.0,1.0,44.0,323.5,55,-10,7.68,1.0,5,27,8,336.5,164.5,164.5,4,1,0.17,5,2,0,0,0,3,4.348,0.0728,5.33,128,9.45,0,4,1,3,0,1,0,1,0,1,0,0,0,0,9,9,9,12
2021,2,4_McLaren,GBR,Lando Norris,Lando,Norris,McLaren,#FF9800,#707070,Великобритания,Mercedes,#314486,25.0,77,33,32,7,14,46,563.5,60.0,1.0,21.0,275,4,-7,6.64,1.0,6,14,4,988.5,160,160,7,2,0.29,10,2,0,3,0,5,3.434,0.0595,4.70,108,8.41,0,4,1,3,0,0,0,0,1,1,1,0,0,0,15,15,15,31
2021,2,6_Ferrari,MON,Charles Leclerc,Charles,Leclerc,Ferrari,#CC1400,#DC0004,Монако,Ferrari,#D80000,25.0,49,95,-1,20,33,32,159,65.0,1.0,21.0,323.5,16,19,6.58,1.0,7,1,6,336.5,159,159,6,0,0.25,6,2,0,2,1,1,3.616,0.0670,5.27,116,9.62,0,1,1,0,0,0,0,0,2,0,0,0,0,0,13,13,13,60
2021,2,7_McLaren,AUS,Daniel Ricciardo,Daniel,Ricciardo,McLaren,#FF9800,#707070,Австралия,Mercedes,#F7C900,25.0,55,58,6,22,29,35,115,64.0,1.0,38.0,275,3,6,9.28,1.0,8,16,7,988.5,115,115,6,2,0.25,10,3,1,2,4,0,4.082,0.0693,5.25,126,9.49,1,1,0,0,0,1,0,1,0,0,0,0,0,0,7,7,7,48
2021,2,17_Alpha_Tauri,FRA,Pierre Gasly,Pierre,Gasly,Alpha Tauri,#2B4562,Alpha Tauri,Франция,Alpha Tauri,#004CA2,25.0,66,3,21,1,24,46,184,70.0,1.0,30.0,142,10,-28,7.20,1.0,9,29,17,142,110,110,4,0,0.17,4,0,0,2,0,2,3.967,0.0678,4.57,96,8.21,0,1,0,1,0,0,0,0,0,0,0,0,0,0,19,19,21,0
2021,2,19_Alpine,ESP,Fernando Alonso,Fernando,Alonso,Alpine,#0090FF,#FAEF00,Испания,Renault,#F7B800,25.0,41,40,-16,21,51,35,245.5,86.0,1.0,52.0,155,14,-10,10.44,1.0,10,31,19,155,81,81,3,0,0.12,3,0,0,0,3,0,5.308,0.0923,5.25,126,9.56,0,1,0,1,0,0,0,0,0,0,0,0,0,0,11,11,11,2
2021,2,13_Alpine,FRA,Esteban Ocon,Esteban,Ocon,Alpine,#0090FF,#FAEF00,Франция,Renault,#004CA2,25.0,44,60,-8,18,37,29,184,66.0,1.0,30.0,155,31,6,10.76,1.0,11,12,13,155,74,74,3,3,0.12,7,2,0,3,1,1,5.091,0.0885,5.77,127,10.47,1,1,0,0,0,0,0,0,0,0,0,0,0,0,11,11,11,66
2021,2,15_Aston_Martin,GER,Sebastian Vettel,Sebastian,Vettel,Aston Martin,#006F62,#707070,Германия,Mercedes,#000000,25.0,46,59,-9,23,57,48,43,105.0,1.0,39.0,77,5,7,11.84,1.0,12,16,15,988.5,43,43,2,0,0.09,2,0,0,1,1,0,5.188,0.0901,4.91,113,9.00,0,1,1,0,0,0,0,0,0,0,0,0,0,0,12,12,14,4
2021,2,10_Aston_Martin,CAN,Lance Stroll,Lance,Stroll,Aston Martin,#006F62,#707070,Канада,Mercedes,#E30000,25.0,56,77,12,27,44,56,41,100.0,1.0,35.0,77,18,19,13.12,1.0,13,8,10,988.5,34,34,2,0,0.08,2,1,0,1,0,0,4.649,0.0814,4.78,110,8.94,0,0,0,0,0,0,0,0,0,0,0,0,0,0,8,8,8,0
2021,2,9_Alpha_Tauri,JPN,Yuki Tsunoda,Yuki,Tsunoda,Alpha Tauri,#2B4562,Alpha Tauri,Япония,Alpha Tauri,#C60018,25.0,60,35,13,15,31,46,32,77.0,1.0,43.0,142,22,-13,13.04,1.0,14,28,9,142,32,32,2,0,0.08,2,0,0,0,1,1,5.691,0.0973,4.55,100,8.78,0,0,0,0,0,0,0,0,0,0,0,0,0,0,1,1,1,0
2021,2,14_Williams,GBR,George Russell,George,Russell,Williams,#005AFF,#707070,Великобритания,Mercedes,#314486,25.0,30,32,-29,16,56,24,563.5,80.0,1.0,50.0,23,63,-18,12.92,1.0,15,34,14,988.5,16,16,2,0,0.08,2,0,0,0,2,0,4.948,0.0861,4.50,108,8.99,0,1,0,0,0,0,0,0,0,1,1,0,0,0,20,20,20,0
2021,2,11_Alfa_Romeo_Racing,FIN,Kimi Räikkönen,Kimi,Räikkönen,Alfa Romeo Racing,#900000,#DC0004,Финляндия,Ferrari,#04276B,22.0,39,82,-19,40,52,33,236,85.0,1.0,49.0,13,7,31,15.18,1.0,16,9,11,336.5,10,10,5,0,0.24,5,0,0,1,4,0,5.817,0.1022,5.45,109,9.87,0,0,0,0,0,0,0,0,0,0,0,0,0,0,6,6,7,0
2021,2,18_Williams,CAN,Nicholas Latifi,Nicholas,Latifi,Williams,#005AFF,#707070,Канада,Mercedes,#E30000,25.0,36,35,-20,15,46,26,41,72.0,1.0,43.0,23,6,-13,16.00,1.0,17,28,18,988.5,7,7,2,0,0.08,2,0,0,1,1,0,5.443,0.0943,5.26,121,9.66,0,0,0,0,0,0,0,0,0,0,0,0,0,0,2,2,2,0
2021,2,12_Alfa_Romeo_Racing,ITA,Antonio Giovinazzi,Antonio,Giovinazzi,Alfa Romeo Racing,#900000,#DC0004,Италия,Ferrari,#009645,25.0,42,64,-15,28,56,41,3,97.0,1.0,44.0,13,99,12,13.44,1.0,18,16,12,336.5,3,3,3,0,0.12,3,0,0,0,3,0,5.389,0.0912,4.96,119,9.05,0,0,0,0,0,0,0,0,0,0,0,0,0,0,15,15,15,0
2021,2,16_Haas_F1_Team,GER,Mick Schumacher,Mick,Schumacher,Haas F1 Team,#505050,#DC0004,Германия,Ferrari,#000000,25.0,15,49,-44,20,53,9,43,62.0,1.0,41.0,0,47,-1,17.40,1.0,19,21,16,336.5,0,0,0,0,0.00,0,0,0,0,0,0,9.475,0.1600,5.61,129,10.79,0,0,0,0,0,0,0,0,0,0,0,0,0,0,20,20,20,0
2021,2,20_Haas_F1_Team,RUS,Nikita Mazepin,Nikita,Mazepin,Haas F1 Team,#505050,#DC0004,Россия,Ferrari,#1922A4,25.0,18,46,-35,13,45,10,0,55.0,1.0,28.0,0,9,-2,18.33,1.0,20,15,20,336.5,0,0,1,0,0.04,1,0,0,0,0,1,11.491,0.2041,5.62,118,11.04,0,0,0,0,0,0,0,0,0,0,0,0,0,0,0,0,2,0
2021,2,21_Alfa_Romeo_Racing,POL,Robert Kubica,Robert,Kubica,Alfa Romeo Racing,#900000,#DC0004,Польша,Ferrari,#E70028,3.0,18,50,-7,1,9,2,0,11.0,0.0,2.0,13,88,0,17.00,0.0,21,1,21,336.5,0,0,0,0,0.00,0,0,0,0,0,0,4.021,0.0681,5.00,15,10.64,0,0,0,0,0,0,0,0,0,0,0,0,0,0,0,0,0,0
2022,2,2_Red_Bull_Racing,NLD,Max Verstappen,Max,Verstappen,Red Bull Racing,#1E5BC6,#DE0000,Нидерланды,Honda,#F75600,25.0,82,65,38,11,11,49,456,60.0,1.0,17.0,759,1,5,3.12,1.0,1,6,2,759,454,454,17,10,0.68,32,8,13,7,2,2,2.758,0.0491,4.56,114,8.52,15,17,1,1,2,2,0,0,8,7,3,0,0,0,18,18,18,653
2022,2,6_Ferrari,MON,Charles Leclerc,Charles,Leclerc,Ferrari,#CC1400,#DC0004,Монако,Ferrari,#D80000,25.0,69,62,40,8,23,52,308,75.0,1.0,13.0,554,16,3,3.96,1.0,2,5,6,646,308,308,12,3,0.48,16,3,6,2,1,4,2.394,0.0490,4.68,117,9.32,3,11,5,3,0,2,2,0,9,6,3,0,0,0,15,15,15,330
2022,2,5_Red_Bull_Racing,MEX,Sergio Perez,Sergio,Perez,Red Bull Racing,#1E5BC6,#DE0000,Мексика,Honda,#006640,25.0,69,73,21,19,17,38,305,55.0,1.0,26.0,759,11,12,5.36,1.0,3,7,5,759,305,305,7,3,0.28,11,4,3,1,3,0,3.273,0.0657,4.80,120,9.60,2,11,7,2,0,1,0,1,1,3,4,0,0,0,4,4,4,147
2022,2,14_Mercedes,GBR,George Russell,George,Russell,Mercedes,#00D2BE,#707070,Великобритания,Mercedes,#314486,25.0,81,52,32,12,10,42,637,52.0,1.0,23.0,515,63,1,6.28,1.0,4,11,14,737,275,275,9,4,0.36,14,5,2,3,1,3,3.112,0.0567,4.83,116,8.87,1,8,1,6,1,1,0,0,1,1,1,0,0,0,9,9,9,109
2022,2,8_Ferrari,ESP,Carlos Sainz,Carlos,Sainz,Ferrari,#CC1400,#DC0004,Испания,Ferrari,#F7B800,25.0,81,42,43,8,13,56,327,69.0,1.0,19.0,554,55,-3,4.88,1.0,5,11,8,646,246,246,10,0,0.40,10,2,0,4,0,4,3.167,0.0599,5.00,105,9.55,1,9,3,5,0,2,1,1,2,4,8,0,0,0,7,7,7,71
2022,2,1_Mercedes,GBR,Lewis Hamilton,Lewis,Hamilton,Mercedes,#00D2BE,#707070,Великобритания,Mercedes,#314486,25.0,73,48,42,12,24,66,637,90.0,1.0,25.0,515,44,-1,6.88,1.0,6,13,1,737,240,240,7,0,0.28,7,1,1,0,1,4,3.362,0.0636,4.46,107,8.15,0,9,5,4,0,1,0,1,0,0,2,0,0,0,13,13,13,46
2022,2,4_McLaren,GBR,Lando Norris,Lando,Norris,McLaren,#F58020,#707070,Великобритания,Mercedes,#314486,25.0,49,32,-1,10,46,45,637,91.0,1.0,31.0,159,4,-11,7.88,1.0,7,21,4,737,122,122,2,0,0.08,2,0,0,1,1,0,3.047,0.0581,4.84,121,9.17,0,1,0,1,0,0,0,0,0,0,1,0,0,0,20,20,20,0
2022,2,13_Alpine,FRA,Esteban Ocon,Esteban,Ocon,Alpine,#2293D1,#FAEF00,Франция,Renault,#004CA2,25.0,52,88,3,22,48,51,115,99.0,1.0,25.0,173,31,19,11.28,1.0,8,3,13,173,92,92,3,1,0.12,4,1,0,2,1,0,2.960,0.0560,4.80,120,9.16,0,0,0,0,0,0,0,0,0,0,0,0,0,0,10,10,10,0
2022,2,19_Alpine,ESP,Fernando Alonso,Fernando,Alonso,Alpine,#2293D1,#FAEF00,Испания,Renault,#F7B800,25.0,59,54,14,15,39,56,327,95.0,1.0,28.0,173,14,2,9.08,1.0,9,13,19,173,81,81,3,1,0.12,4,1,0,0,2,1,3.693,0.0710,4.58,110,9.47,0,0,0,0,0,0,0,0,0,1,0,0,0,0,11,11,12,1
2022,2,3_Alfa_Romeo,FIN,Valtteri Bottas,Valtteri,Bottas,Alfa Romeo,#B12039,#DC0004,Финляндия,Ferrari,#04276B,25.0,46,13,-12,9,51,43,49,94.0,1.0,70.0,55,77,-52,11.44,1.0,10,61,3,646,49,49,0,0,0.00,0,0,0,0,0,0,3.979,0.0803,4.83,116,9.64,0,0,0,0,0,0,0,0,0,0,0,0,0,0,14,14,14,0
2022,2,7_McLaren,AUS,Daniel Ricciardo,Daniel,Ricciardo,McLaren,#F58020,#707070,Австралия,Mercedes,#F7C900,25.0,40,39,-16,19,49,33,37,82.0,1.0,49.0,159,3,-11,11.36,1.0,11,30,7,737,37,37,2,0,0.08,2,0,0,0,1,1,3.367,0.0607,4.17,100,7.92,0,0,0,0,0,0,0,0,0,0,0,0,0,0,2,2,2,0
2022,2,15_Aston_Martin,GER,Sebastian Vettel,Sebastian,Vettel,Aston Martin,#2D826D,#707070,Германия,Mercedes,#000000,23.0,40,70,-14,31,62,42,49,104.0,1.0,44.0,55,5,18,13.57,1.0,12,13,15,737,37,37,5,0,0.22,5,0,0,2,2,1,6.240,0.1609,4.52,104,8.92,0,0,0,0,0,0,0,0,0,0,0,0,0,0,12,12,13,2
2022,2,22_Haas_F1_Team,DEN,Kevin Magnussen,Kevin,Magnussen,Haas F1 Team,#505050,#DC0004,Дания,Ferrari,#D20019,25.0,32,63,-50,31,95,45,25,140.0,1.0,49.0,37,20,13,11.72,1.0,13,18,22,646,25,25,3,0,0.12,3,0,0,0,3,0,4.597,0.0874,4.50,108,8.99,0,0,0,0,0,0,0,0,1,0,0,0,0,0,16,16,16,2
2022,2,17_Alpha_Tauri,FRA,Pierre Gasly,Pierre,Gasly,Alpha Tauri,#4E7C9B,Alpha Tauri,Франция,Alpha Tauri,#004CA2,25.0,44,47,-5,18,58,46,115,104.0,1.0,38.0,35,10,-2,12.52,1.0,14,20,17,35,23,23,1,0,0.04,1,0,0,0,0,1,4.260,0.0845,4.84,121,9.28,0,0,0,0,0,0,0,0,0,0,0,0,0,0,12,12,13,0
2022,2,10_Aston_Martin,CAN,Lance Stroll,Lance,Stroll,Aston Martin,#2D826D,#707070,Канада,Mercedes,#E30000,25.0,48,84,-1,41,54,50,20,104.0,1.0,49.0,55,18,33,15.04,1.0,15,8,10,737,18,18,4,0,0.16,4,0,0,1,3,0,4.876,0.0929,4.40,110,8.46,0,0,0,0,0,0,0,0,0,0,0,0,0,0,8,8,8,0
2022,2,16_Haas_F1_Team,GER,Mick Schumacher,Mick,Schumacher,Haas F1 Team,#505050,#DC0004,Германия,Ferrari,#000000,25.0,35,50,-36,25,79,43,49,122.0,1.0,50.0,37,47,0,13.54,1.0,16,25,16,646,12,12,2,0,0.08,2,0,0,0,1,1,6.041,0.1182,4.88,117,9.68,0,0,0,0,0,0,0,0,0,0,0,0,0,0,6,6,6,0
2022,2,9_Alpha_Tauri,JPN,Yuki Tsunoda,Yuki,Tsunoda,Alpha Tauri,#4E7C9B,Alpha Tauri,Япония,Alpha Tauri,#C60018,25.0,46,59,-8,35,54,46,12,100.0,1.0,59.0,35,22,11,14.24,1.0,17,24,9,35,12,12,4,0,0.16,4,0,0,2,2,0,5.735,0.1034,4.29,103,8.81,0,0,0,0,0,0,0,0,0,0,0,0,0,0,9,9,9,0
2022,2,23_Alfa_Romeo,CHN,Guanyu Zhou,Guanyu,Zhou,Alfa Romeo,#B12039,#DC0004,Китай,Ferrari,#F70000,25.0,62,11,22,5,41,68,6,109.0,1.0,45.0,55,24,-35,14.60,1.0,18,40,23,646,6,6,3,0,0.12,3,0,0,0,0,3,4.954,0.0963,4.70,108,9.76,0,0,0,0,0,0,0,0,0,0,0,0,0,0,8,8,8,0
2022,2,24_Williams,THA,Alexander Albon,Alexander,Albon,Williams,#37BEDD,#707070,Таиланд,Mercedes,#2E2549,24.0,33,51,-27,20,57,28,4,85.0,1.0,39.0,8,23,1,15.25,1.0,19,19,24,737,4,4,1,0,0.04,1,0,0,0,1,0,4.131,0.0792,4.45,98,8.47,0,0,0,0,0,0,0,0,0,0,0,0,0,0,19,19,19,0
2022,2,18_Williams,CAN,Nicholas Latifi,Nicholas,Latifi,Williams,#37BEDD,#707070,Канада,Mercedes,#E30000,25.0,21,41,-51,14,72,19,20,91.0,1.0,34.0,8,6,-6,17.32,1.0,20,20,18,737,2,2,0,0,0.00,0,0,0,0,0,0,5.876,0.1089,5.56,139,11.37,0,0,0,0,0,0,0,0,0,0,0,0,0,0,1,1,2,0
2022,2,26_Williams,NLD,Nyck De Vries,Nyck,De Vries,Williams,#37BEDD,#707070,Нидерланды,Mercedes,#F75600,1.0,0,0,-2,0,2,0,456,2.0,0.0,0.0,8,45,0,8.00,0.0,21,0,26,737,2,2,0,0,0.00,0,0,0,0,0,0,1.413,0.0267,3.00,3,5.66,0,0,0,0,0,0,0,0,0,0,0,0,0,0,1,1,1,0
2022,2,25_Aston_Martin,GER,Nico Hulkenberg,Nico,Hulkenberg,Aston Martin,#2D826D,#707070,Германия,Mercedes,#000000,2.0,16,100,-13,3,16,3,49,19.0,0.0,3.0,55,27,3,17.00,0.0,22,0,25,737,0,0,0,0,0.00,0,0,0,0,0,0,5.373,0.0959,4.50,9,8.41,0,0,0,0,0,0,0,0,0,0,0,0,0,0,1,1,1,0
2023,2,2_Red_Bull_Racing,NLD,Max Verstappen,Max,Verstappen,Red Bull Racing,#3671C6,#DE0000,Нидерланды,Honda,#F75600,28.0,95,58,54,11,3,57,575,60.0,1.0,19.0,860,1,3,2.89,1.0,1,8,2,860,575,575,27,15,0.96,48,15,21,7,2,3,2.099,0.0376,4.36,122,8.48,19,21,2,0,4,6,1,1,13,3,2,3,1,2,24,19,20,1077
2023,2,5_Red_Bull_Racing,MEX,Sergio Perez,Sergio,Perez,Red Bull Racing,#3671C6,#DE0000,Мексика,Honda,#006640,28.0,79,35,66,9,24,91,285,115.0,1.0,26.0,860,11,-8,8.29,1.0,2,17,5,860,285,285,11,0,0.39,11,0,2,2,0,7,3.396,0.0583,4.93,133,10.10,2,9,4,3,1,3,1,1,2,1,2,0,2,1,3,2,2,156
2023,2,1_Mercedes,GBR,Lewis Hamilton,Lewis,Hamilton,Mercedes,#6CD3BF,#707070,Великобритания,Mercedes,#314486,28.0,73,50,39,16,23,62,614,85.0,1.0,32.0,409,44,0,6.61,1.0,3,16,1,1019,234,234,6,0,0.22,6,0,1,0,1,4,3.233,0.0611,4.73,123,9.28,0,6,3,3,0,1,1,0,1,0,3,0,0,1,13,11,11,13
2023,2,19_Aston_Martin,ESP,Fernando Alonso,Fernando,Alonso,Aston Martin,#358C75,#707070,Испания,Mercedes,#F7B800,28.0,60,62,18,21,35,53,406,88.0,1.0,34.0,280,14,8,7.75,1.0,4,13,19,1019,206,206,7,1,0.25,8,3,0,3,1,1,3.258,0.0648,4.89,132,9.44,0,8,3,5,0,0,0,0,0,2,2,0,0,0,25,19,19,3
2023,2,6_Ferrari,MON,Charles Leclerc,Charles,Leclerc,Ferrari,#CC1400,#DC0004,Монако,Ferrari,#D80000,28.0,55,65,8,11,33,41,206,74.0,1.0,17.0,406,16,5,4.93,1.0,5,6,6,434,206,206,4,2,0.15,6,3,0,2,1,0,2.427,0.0499,4.28,107,8.88,0,6,3,3,0,2,1,1,4,5,4,1,1,0,18,15,15,48
2023,2,4_McLaren,GBR,Lando Norris,Lando,Norris,McLaren,#F58020,#707070,Великобритания,Mercedes,#314486,28.0,65,36,29,17,33,62,614,95.0,1.0,47.0,302,4,-13,7.14,1.0,6,30,4,1019,205,205,4,1,0.14,5,1,0,2,0,2,3.184,0.0591,5.26,142,10.24,0,7,6,1,0,2,1,1,0,3,3,1,1,1,19,15,15,30
2023,2,8_Ferrari,ESP,Carlos Sainz,Carlos,Sainz,Ferrari,#CC1400,#DC0004,Испания,Ferrari,#F7B800,28.0,49,57,-2,16,43,41,406,84.0,1.0,28.0,406,55,4,5.48,1.0,7,12,8,434,200,200,3,0,0.11,3,1,0,1,1,0,2.743,0.0577,4.63,125,9.19,1,3,0,2,0,1,0,1,2,3,2,0,0,1,10,7,7,77
2023,2,14_Mercedes,GBR,George Russell,George,Russell,Mercedes,#6CD3BF,#707070,Великобритания,Mercedes,#314486,28.0,63,64,37,25,42,71,614,113.0,1.0,39.0,409,63,11,6.79,1.0,8,14,14,1019,175,175,10,2,0.36,14,2,1,3,5,3,2.941,0.0572,4.25,119,8.71,0,2,0,2,0,0,0,0,0,3,1,0,0,0,15,11,11,14
2023,2,28_McLaren,AUS,Oscar Piastri,Oscar,Piastri,McLaren,#F58020,#707070,Австралия,Mercedes,#F7C900,28.0,55,70,11,26,46,57,103,103.0,1.0,37.0,302,81,15,9.21,1.0,9,11,28,1019,97,97,5,1,0.18,7,1,1,0,4,1,4.047,0.0676,4.85,131,10.09,0,2,1,1,1,2,1,0,0,1,2,1,1,0,9,7,7,16
2023,2,10_Aston_Martin,CAN,Lance Stroll,Lance,Stroll,Aston Martin,#358C75,#707070,Канада,Mercedes,#E30000,28.0,54,73,7,30,48,56,74,104.0,1.0,41.0,280,18,19,12.48,1.0,10,11,10,1019,74,74,4,0,0.14,4,0,1,0,1,2,3.288,0.0675,4.85,131,10.27,0,0,0,0,0,0,0,0,0,0,1,0,0,0,3,3,3,0
2023,2,17_Alpine,FRA,Pierre Gasly,Pierre,Gasly,Alpine,#2293D1,#FAEF00,Франция,Renault,#004CA2,28.0,57,38,15,15,43,58,120,101.0,1.0,39.0,120,10,-9,11.14,1.0,11,24,17,120,62,62,4,1,0.14,7,1,1,2,2,1,3.281,0.0618,4.67,126,9.26,0,1,0,1,0,1,0,1,0,0,0,0,0,0,17,14,14,0
2023,2,13_Alpine,FRA,Esteban Ocon,Esteban,Ocon,Alpine,#2293D1,#FAEF00,Франция,Renault,#004CA2,28.0,50,51,14,21,58,59,120,117.0,1.0,41.0,120,31,1,11.50,1.0,12,20,13,120,58,58,3,1,0.11,5,1,0,2,0,2,2.504,0.0629,3.96,107,8.79,0,1,0,1,0,0,0,0,0,0,0,0,0,0,11,8,8,0
2023,2,24_Williams,THA,Alexander Albon,Alexander,Albon,Williams,#37BEDD,#707070,Таиланд,Mercedes,#2E2549,28.0,49,51,-2,20,59,57,27,116.0,1.0,39.0,28,23,1,12.00,1.0,13,19,24,1019,27,27,3,0,0.11,3,0,0,2,1,0,4.754,0.0799,4.33,117,9.26,0,0,0,0,0,0,0,0,0,0,0,0,0,0,24,19,22,0
2023,2,9_Alpha_Tauri,JPN,Yuki Tsunoda,Yuki,Tsunoda,Alpha Tauri,#5E8FAA,Alpha Tauri,Япония,Alpha Tauri,#C60018,28.0,37,69,-29,29,71,42,17,113.0,1.0,42.0,25,22,16,14.11,1.0,14,13,9,25,17,17,1,0,0.04,1,0,0,0,1,0,6.068,0.0967,4.92,123,9.45,0,0,0,0,0,0,0,0,0,0,0,0,0,0,19,16,16,5
2023,2,3_Alfa_Romeo,FIN,Valtteri Bottas,Valtteri,Bottas,Alfa Romeo,#C92D4B,#DC0004,Финляндия,Ferrari,#04276B,28.0,21,33,-77,18,104,27,10,131.0,1.0,55.0,16,77,-19,14.36,1.0,15,37,3,434,10,10,3,1,0.11,4,0,0,0,3,1,4.254,0.0850,4.79,134,9.99,0,0,0,0,0,0,0,0,0,0,0,0,0,0,19,16,16,0
2023,2,25_Haas_F1_Team,GER,Nico Hulkenberg,Nico,Hulkenberg,Haas F1 Team,#505050,#DC0004,Германия,Ferrari,#000000,28.0,33,45,-46,21,92,45,9,137.0,1.0,47.0,12,27,-5,12.14,1.0,16,26,25,434,9,9,2,0,0.07,2,0,0,0,2,0,4.784,0.1005,4.68,131,9.66,0,0,0,0,0,0,0,0,0,1,0,0,0,0,19,15,15,0
2023,2,7_Alpha_Tauri,AUS,Daniel Ricciardo,Daniel,Ricciardo,Alpha Tauri,#5E8FAA,Alpha Tauri,Австралия,Alpha Tauri,#F7C900,10.0,32,20,-14,4,27,13,103,40.0,1.0,20.0,25,3,-12,12.50,1.0,17,16,7,25,6,6,0,0,0.00,0,0,0,0,0,0,5.003,0.0946,4.50,45,9.55,0,0,0,0,0,0,0,0,0,0,0,0,0,0,5,3,3,0
2023,2,23_Alfa_Romeo,CHN,Guanyu Zhou,Guanyu,Zhou,Alfa Romeo,#C92D4B,#DC0004,Китай,Ferrari,#F70000,28.0,45,26,-14,13,72,58,6,130.0,1.0,50.0,16,24,-24,15.68,1.0,18,37,23,434,6,6,1,0,0.04,1,0,0,0,0,1,4.089,0.0819,4.29,120,8.84,0,0,0,0,0,0,0,0,0,0,0,0,0,0,9,6,6,0
2023,2,22_Haas_F1_Team,DEN,Kevin Magnussen,Kevin,Magnussen,Haas F1 Team,#505050,#DC0004,Дания,Ferrari,#D20019,28.0,30,65,-51,33,89,39,3,128.0,1.0,51.0,12,20,15,14.93,1.0,19,18,22,434,3,3,3,1,0.11,4,0,0,1,3,0,4.883,0.0901,4.41,119,9.27,0,0,0,0,0,0,0,0,0,0,0,0,0,0,8,7,7,0
2023,2,29_Alpha_Tauri,NZL,Liam Lawson,Liam,Lawson,Alpha Tauri,#5E8FAA,Alpha Tauri,Новая Зеландия,Alpha Tauri,#0D1168,6.0,44,20,-3,1,15,12,2,27.0,1.0,5.0,25,40,-3,13.50,1.0,20,4,29,25,2,2,0,0,0.00,0,0,0,0,0,0,3.990,0.0692,5.20,26,8.90,0,0,0,0,0,0,0,0,0,0,0,0,0,0,2,1,1,0
2023,2,27_Williams,USA,Logan Sargeant,Logan,Sargeant,Williams,#37BEDD,#707070,США,Mercedes,#071C63,28.0,39,64,-12,16,55,35,1,90.0,1.0,25.0,28,2,7,17.04,1.0,21,9,27,1019,1,1,0,0,0.00,0,0,0,0,0,0,6.580,0.1148,4.42,115,9.41,0,0,0,0,0,0,0,0,0,0,0,0,0,0,0,0,0,0
2023,2,26_Alpha_Tauri,NLD,Nyck De Vries,Nyck,De Vries,Alpha Tauri,#5E8FAA,Alpha Tauri,Нидерланды,Alpha Tauri,#F75600,12.0,28,14,-18,2,29,11,575,40.0,1.0,14.0,25,21,-10,16.50,1.0,22,12,26,25,0,0,1,0,0.08,1,0,0,1,0,0,8.999,0.1393,4.50,54,8.97,0,0,0,0,0,0,0,0,0,0,0,0,0,0,2,2,2,0
2024,2,2_Red_Bull_Racing,NLD,Max Verstappen,Max,Verstappen,Red Bull Racing,#3671C6,#DE0000,Нидерланды,Honda,#F75600,30.0,73,57,24,17,14,37,437,51.0,1.0,30.0,589,1,4,3.33,1.0,1,13,2,635,437,437,22,10,0.73,39,12,13,8,4,2,2.925,0.0532,5.41,157,10.38,9,14,4,1,4,4,0,0,10,6,1,3,0,0,29,23,23,632
2024,2,4_McLaren,GBR,Lando Norris,Lando,Norris,McLaren,#FF8000,#707070,Великобритания,Mercedes,#314486,30.0,69,19,20,5,16,36,849,52.0,1.0,27.0,666,4,-17,3.33,1.0,2,22,4,1245,374,374,10,3,0.33,13,3,6,2,2,0,3.163,0.0609,5.52,160,10.38,4,13,6,3,1,4,1,2,8,1,6,2,2,0,24,20,20,292
2024,2,6_Ferrari,MON,Charles Leclerc,Charles,Leclerc,Ferrari,#CC1400,#DC0004,Монако,Ferrari,#D80000,30.0,61,89,15,31,28,43,356,71.0,1.0,35.0,652,16,27,5.33,1.0,3,4,6,714,356,356,11,3,0.37,15,3,1,2,6,3,2.994,0.0591,5.17,155,10.08,3,13,3,7,0,2,1,1,2,4,0,0,1,2,18,15,15,172
2024,2,28_McLaren,AUS,Oscar Piastri,Oscar,Piastri,McLaren,#FF8000,#707070,Австралия,Mercedes,#F7C900,30.0,79,31,44,10,16,60,304,76.0,1.0,32.0,666,81,-12,5.53,1.0,4,22,28,1245,292,292,12,3,0.40,15,4,3,4,1,3,3.010,0.0562,4.80,144,9.19,2,8,4,2,1,3,2,0,0,6,1,1,0,2,6,4,4,145
2024,2,8_Ferrari,ESP,Carlos Sainz,Carlos,Sainz,Ferrari,#CC1400,#DC0004,Испания,Ferrari,#F7B800,29.0,73,38,29,10,17,46,360,63.0,1.0,26.0,652,55,-6,5.45,1.0,5,16,8,714,290,290,6,1,0.21,7,1,3,2,0,1,3.250,0.0664,4.66,135,9.20,2,9,2,5,0,1,1,0,1,2,5,0,0,0,12,9,9,134
2024,2,14_Mercedes,GBR,George Russell,George,Russell,Mercedes,#27F4D2,#707070,Великобритания,Mercedes,#314486,30.0,63,45,20,13,28,48,849,76.0,1.0,29.0,468,63,-3,5.70,1.0,6,16,14,1245,245,245,8,1,0.28,9,2,0,2,2,3,3.169,0.0621,5.28,153,10.19,2,4,0,2,0,1,0,1,3,2,3,0,2,0,24,19,19,138
2024,2,1_Mercedes,GBR,Lewis Hamilton,Lewis,Hamilton,Mercedes,#27F4D2,#707070,Великобритания,Mercedes,#314486,30.0,69,74,37,26,31,68,849,99.0,1.0,35.0,468,44,17,8.50,1.0,7,9,1,1245,223,223,9,1,0.30,10,1,4,1,1,3,3.720,0.0739,4.17,121,8.24,2,5,1,2,0,1,1,0,0,1,2,0,1,0,6,5,5,39
2024,2,5_Red_Bull_Racing,MEX,Sergio Perez,Sergio,Perez,Red Bull Racing,#3671C6,#DE0000,Мексика,Honda,#006640,30.0,77,46,52,19,22,74,152,96.0,1.0,41.0,589,11,-3,9.40,1.0,8,22,5,635,152,152,10,2,0.33,12,4,0,1,1,6,3.702,0.0693,4.96,139,10.01,0,4,3,1,0,2,0,2,0,2,3,0,0,1,1,1,1,1
2024,2,19_Aston_Martin,ESP,Fernando Alonso,Fernando,Alonso,Aston Martin,#229971,#707070,Испания,Mercedes,#F7B800,30.0,43,54,-14,15,61,46,360,107.0,1.0,28.0,94,14,2,9.77,1.0,9,13,19,1245,70,70,3,0,0.10,3,0,0,2,0,1,4.186,0.0842,4.87,146,9.73,0,0,0,0,0,0,0,0,0,0,1,0,0,1,22,19,19,0
2024,2,17_Alpine,FRA,Pierre Gasly,Pierre,Gasly,Alpine,#0093CC,#FAEF00,Франция,Renault,#004CA2,30.0,49,54,-1,15,45,43,65,88.0,1.0,28.0,65,10,2,12.48,1.0,10,13,17,65,42,42,2,0,0.07,2,0,0,0,1,1,4.102,0.0737,4.68,131,9.46,0,1,0,1,0,0,0,0,0,0,1,0,0,0,15,11,11,0
2024,2,25_Haas_F1_Team,GER,Nico Hulkenberg,Nico,Hulkenberg,Haas F1 Team,#505050,#DC0004,Германия,Ferrari,#000000,30.0,45,56,-12,23,65,53,41,118.0,1.0,41.0,58,27,5,11.67,1.0,11,18,25,714,41,41,2,0,0.07,2,0,0,0,2,0,4.024,0.0781,5.04,141,10.15,0,0,0,0,0,0,0,0,0,0,0,0,0,0,19,16,16,0
2024,2,9_RB,JPN,Yuki Tsunoda,Yuki,Tsunoda,RB,#6692FF,#DE0000,Япония,Honda,#C60018,30.0,28,47,-33,21,77,30,30,107.0,1.0,45.0,46,22,-3,11.87,1.0,12,24,9,635,30,30,3,0,0.10,3,0,0,0,2,1,6.315,0.1347,4.28,124,9.04,0,0,0,0,0,0,0,0,0,0,1,0,0,0,20,18,18,0
2024,2,10_Aston_Martin,CAN,Lance Stroll,Lance,Stroll,Aston Martin,#229971,#707070,Канада,Mercedes,#E30000,30.0,64,50,27,17,36,63,24,99.0,1.0,34.0,94,18,0,12.93,1.0,13,17,10,1245,24,24,4,0,0.13,4,0,0,0,1,3,4.978,0.0922,5.21,146,10.66,0,0,0,0,0,0,0,0,0,0,0,0,0,0,8,5,5,0
2024,2,13_Alpine,FRA,Esteban Ocon,Esteban,Ocon,Alpine,#0093CC,#FAEF00,Франция,Renault,#004CA2,29.0,35,57,-32,21,69,37,65,106.0,1.0,37.0,65,31,5,14.38,1.0,14,16,13,65,23,23,4,0,0.14,4,0,0,3,0,1,5.919,0.1040,4.37,118,8.68,0,1,1,0,0,0,0,0,0,0,0,0,0,0,15,13,13,14
2024,2,22_Haas_F1_Team,DEN,Kevin Magnussen,Kevin,Magnussen,Haas F1 Team,#505050,#DC0004,Дания,Ferrari,#D20019,27.0,48,85,-5,39,55,50,16,105.0,1.0,46.0,58,20,32,14.15,1.0,15,7,22,714,16,16,6,0,0.22,6,0,0,1,4,1,4.509,0.0904,5.38,140,10.51,0,0,0,0,0,0,0,0,0,0,0,0,0,0,8,6,6,0
2024,2,24_Williams,THA,Alexander Albon,Alexander,Albon,Williams,#64C4FF,#707070,Таиланд,Mercedes,#2E2549,30.0,46,35,-5,15,44,38,12,82.0,1.0,43.0,17,23,-13,13.83,1.0,16,28,24,1245,12,12,1,0,0.03,1,0,0,1,0,0,5.265,0.0950,4.41,119,9.43,0,0,0,0,0,0,0,0,0,0,0,0,0,0,23,20,22,0
2024,2,7_RB,AUS,Daniel Ricciardo,Daniel,Ricciardo,RB,#6692FF,#DE0000,Австралия,Honda,#F7C900,21.0,52,13,2,3,32,34,304,66.0,1.0,23.0,46,3,-17,12.86,1.0,17,20,7,635,12,12,2,0,0.10,2,0,0,1,0,1,6.005,0.1055,4.60,92,8.70,0,0,0,0,0,0,0,0,0,0,0,0,0,0,8,6,6,0
2024,2,30_Haas_F1_Team,GBR,Oliver Bearman,Oliver,Bearman,Haas F1 Team,#505050,#DC0004,Великобритания,Ferrari,#314486,4.0,52,50,1,3,15,16,849,31.0,0.0,6.0,58,50,0,11.00,0.0,18,3,30,714,7,1,0,0,0.00,0,0,0,0,0,0,6.858,0.1225,4.50,19,9.21,0,0,0,0,0,0,0,0,0,0,0,0,0,0,3,2,2,0
2024,2,31_Williams,ARG,Franco Colapinto,Franco,Colapinto,Williams,#64C4FF,#707070,Аргентина,Mercedes,#68A6DB,12.0,44,65,-2,11,20,16,5,36.0,1.0,17.0,17,43,5,15.42,1.0,19,6,31,1245,5,5,1,0,0.08,1,0,0,0,1,0,3.545,0.0860,3.82,42,9.15,0,0,0,0,0,0,0,0,0,0,0,0,0,0,3,2,2,0
2024,2,23_Kick_Sauber,CHN,Guanyu Zhou,Guanyu,Zhou,Kick Sauber,#52e252,#DC0004,Китай,Ferrari,#F70000,30.0,27,52,-51,16,82,31,4,113.0,1.0,31.0,4,24,1,17.37,1.0,20,15,23,714,4,4,1,0,0.03,1,0,0,0,1,0,6.123,0.1101,4.73,142,9.67,0,0,0,0,0,0,0,0,0,0,0,0,0,0,4,3,3,0
2024,2,29_RB,NZL,Liam Lawson,Liam,Lawson,RB,#6692FF,#DE0000,Новая Зеландия,Honda,#0D1168,9.0,15,54,-24,13,29,5,4,34.0,1.0,24.0,46,30,2,12.44,1.0,21,11,29,635,4,4,1,0,0.11,1,0,0,0,1,0,3.785,0.0744,3.44,31,7.40,0,0,0,0,0,0,0,0,0,0,0,0,0,0,2,0,0,0
2024,2,3_Kick_Sauber,FIN,Valtteri Bottas,Valtteri,Bottas,Kick Sauber,#52e252,#DC0004,Финляндия,Ferrari,#04276B,30.0,28,25,-51,13,81,31,0,112.0,1.0,51.0,4,77,-25,15.03,1.0,22,38,3,714,0,0,0,0,0.00,0,0,0,0,0,0,5.422,0.1010,4.83,145,9.78,0,0,0,0,0,0,0,0,0,0,0,0,0,0,25,20,21,0
2024,2,27_Williams,USA,Logan Sargeant,Logan,Sargeant,Williams,#64C4FF,#707070,США,Mercedes,#071C63,17.0,29,31,-16,5,35,14,0,49.0,1.0,16.0,17,2,-6,17.24,1.0,23,11,27,1245,0,0,0,0,0.00,0,0,0,0,0,0,7.014,0.1614,4.71,80,9.64,0,0,0,0,0,0,0,0,0,0,0,0,0,0,2,0,0,0
2024,2,32_Alpine,AUS,Jack Doohan,Jack,Doohan,Alpine,#0093CC,#FAEF00,Австралия,Renault,#F7C900,1.0,17,50,-4,2,5,1,304,6.0,0.0,4.0,65,61,0,17.00,0.0,24,2,32,65,0,0,0,0,0.00,0,0,0,0,0,0,6.757,0.1185,6.00,6,10.53,0,0,0,0,0,0,0,0,0,0,0,0,0,0,0,0,0,0
2025,2,4_McLaren,GBR,Lando Norris,Lando,Norris,McLaren,#FF8000,#707070,Великобритания,Mercedes,#314486,29.0,88,30,25,7,4,29,910,33.0,1.0,23.0,800,4,-9,3.00,1.0,1,16,4,1476,408,408,12,5,0.43,19,5,7,4,2,1,2.470,0.0473,4.52,122,8.62,7,17,8,2,2,4,0,2,7,7,3,1,1,3,14,12,12,403
2025,2,2_Red_Bull_Racing,NLD,Max Verstappen,Max,Verstappen,Red Bull Racing,#3671C6,#DE0000,Нидерланды,Honda,#F75600,29.0,71,75,19,12,13,32,396,45.0,1.0,16.0,426,1,8,3.66,1.0,2,4,2,518,396,396,16,6,0.55,25,5,9,5,3,3,2.493,0.0451,4.50,126,8.84,7,14,5,2,2,3,0,1,7,4,4,1,2,0,27,22,23,446
2025,2,28_McLaren,AUS,Oscar Piastri,Oscar,Piastri,McLaren,#FF8000,#707070,Австралия,Mercedes,#F7C900,29.0,92,42,30,5,3,33,392,36.0,1.0,12.0,800,81,-2,2.83,1.0,3,7,28,1476,392,392,13,4,0.46,18,4,10,0,1,3,3.293,0.0527,4.81,125,9.21,7,15,4,4,1,4,3,0,6,5,6,2,1,3,15,11,11,464
2025,2,14_Mercedes,GBR,George Russell,George,Russell,Mercedes,#27F4D2,#707070,Великобритания,Mercedes,#314486,29.0,70,35,23,6,17,40,910,57.0,1.0,17.0,459,63,-5,5.03,1.0,4,11,14,1476,309,309,8,3,0.28,13,5,2,5,0,1,2.490,0.0437,4.52,131,8.77,2,9,3,4,0,3,2,1,2,2,2,0,1,0,24,20,20,103
2025,2,6_Ferrari,MON,Charles Leclerc,Charles,Leclerc,Ferrari,#CC1400,#DC0004,Монако,Ferrari,#D80000,29.0,58,61,9,14,23,32,230,55.0,1.0,23.0,382,16,5,6.11,1.0,5,9,6,523,230,230,6,1,0.21,7,2,0,2,1,2,3.457,0.0690,4.70,127,9.50,0,7,2,5,0,0,0,0,1,3,4,0,0,0,22,18,18,48
2025,2,1_Ferrari,GBR,Lewis Hamilton,Lewis,Hamilton,Ferrari,#CC1400,#DC0004,Великобритания,Ferrari,#314486,29.0,77,64,39,16,16,55,910,71.0,1.0,25.0,382,44,7,9.31,1.0,6,9,1,523,152,152,10,0,0.36,10,1,1,0,3,5,4.200,0.0780,4.61,129,9.52,0,0,0,0,1,2,0,1,0,0,1,1,0,0,7,5,5,21
2025,2,35_Mercedes,ITA,Kimi Antonelli,Kimi,Antonelli,Mercedes,#27F4D2,#707070,Италия,Mercedes,#009645,29.0,69,38,26,13,29,66,150,95.0,1.0,34.0,459,12,-8,8.31,1.0,7,21,35,1476,150,150,4,0,0.14,4,0,0,2,0,2,2.776,0.0496,3.82,107,7.86,0,3,1,2,0,1,1,0,0,1,1,1,1,0,5,3,3,13
2025,2,24_Williams,THA,Alexander Albon,Alexander,Albon,Williams,#64C4FF,#707070,Таиланд,Mercedes,#2E2549,29.0,54,49,10,20,45,53,73,98.0,1.0,41.0,137,23,-1,12.03,1.0,8,21,24,1476,73,73,10,0,0.34,10,0,0,3,4,3,2.946,0.0545,3.76,109,8.03,0,0,0,0,0,0,0,0,0,0,0,0,0,0,12,9,10,1
2025,2,8_Williams,ESP,Carlos Sainz,Carlos,Sainz,Williams,#64C4FF,#707070,Испания,Mercedes,#F7B800,29.0,57,65,12,11,39,52,112,91.0,1.0,17.0,137,55,5,11.10,1.0,9,6,8,1476,64,64,4,1,0.14,5,3,0,2,0,0,4.170,0.0735,5.33,144,11.15,0,2,0,2,0,1,0,1,0,1,1,0,0,0,16,13,13,0
2025,2,33_Racing_Bulls,FRA,Isack Hadjar,Isack,Hadjar,Racing Bulls,#6692FF,#DE0000,Франция,Honda,#004CA2,29.0,38,21,-18,9,47,29,105,76.0,1.0,42.0,92,6,-24,10.21,1.0,10,33,33,518,51,51,3,1,0.10,4,1,0,2,1,0,4.053,0.0706,4.75,133,9.53,0,1,0,1,0,0,0,0,0,0,0,0,0,0,21,16,16,0
2025,2,25_Kick_Sauber,GER,Nico Hulkenberg,Nico,Hulkenberg,Kick Sauber,#52E252,#DC0004,Германия,Ferrari,#000000,29.0,43,42,-12,19,51,39,49,90.0,1.0,45.0,68,27,-7,13.97,1.0,11,26,25,523,49,49,3,1,0.11,4,1,0,0,3,0,4.742,0.0995,4.52,122,9.52,0,1,0,1,0,0,0,0,0,0,0,0,0,0,13,11,12,0
2025,2,19_Aston_Martin,ESP,Fernando Alonso,Fernando,Alonso,Aston Martin,#229971,#707070,Испания,Mercedes,#F7B800,29.0,48,43,-6,15,53,48,112,101.0,1.0,35.0,80,14,-5,9.86,1.0,12,20,19,1476,48,48,4,0,0.14,4,0,0,0,2,2,3.590,0.0721,4.22,114,8.87,0,0,0,0,0,0,0,0,0,0,0,0,0,0,27,22,23,0
2025,2,30_Haas_F1_Team,GBR,Oliver Bearman,Oliver,Bearman,Haas F1 Team,#505050,#DC0004,Великобритания,Ferrari,#314486,29.0,61,74,21,26,35,55,910,90.0,1.0,35.0,73,87,17,14.07,1.0,13,9,30,523,41,41,5,1,0.17,6,1,0,0,3,2,3.955,0.0722,4.66,135,9.48,0,0,0,0,0,0,0,0,0,0,0,0,0,0,17,13,14,0
2025,2,29_Racing_Bulls,NZL,Liam Lawson,Liam,Lawson,Racing Bulls,#6692FF,#DE0000,Новая Зеландия,Honda,#0D1168,29.0,45,49,-7,18,36,29,38,65.0,1.0,37.0,92,30,-1,15.54,1.0,14,19,29,518,38,38,3,0,0.21,3,0,0,1,1,1,2.370,0.0529,3.27,112,7.25,0,0,0,0,0,0,0,0,0,0,1,0,0,0,5,5,6,0
2025,2,9_Red_Bull_Racing,JPN,Yuki Tsunoda,Yuki,Tsunoda,Red Bull Racing,#3671C6,#DE0000,Япония,Honda,#C60018,29.0,40,73,-14,27,43,29,33,72.0,1.0,37.0,426,22,17,10.46,1.0,15,10,9,518,33,30,5,1,0.10,6,1,0,1,3,1,2.895,0.0550,4.01,127,8.29,0,0,0,0,0,0,0,0,0,0,0,0,0,0,3,1,1,0
2025,2,13_Haas_F1_Team,FRA,Esteban Ocon,Esteban,Ocon,Haas F1 Team,#505050,#DC0004,Франция,Ferrari,#004CA2,29.0,27,70,-38,19,65,24,105,89.0,1.0,27.0,73,31,11,15.00,1.0,16,8,13,523,32,32,2,0,0.07,2,0,0,1,0,1,3.942,0.0676,4.52,131,9.04,0,0,0,0,0,0,0,0,0,0,0,0,0,0,10,8,9,0
2025,2,10_Aston_Martin,CAN,Lance Stroll,Lance,Stroll,Aston Martin,#229971,#707070,Канада,Mercedes,#E30000,29.0,52,61,4,20,43,47,32,90.0,1.0,33.0,80,18,7,14.96,1.0,17,13,10,1476,32,32,3,0,0.10,3,0,0,1,0,2,4.186,0.0994,4.59,124,9.09,0,0,0,0,0,0,0,0,0,0,0,0,0,0,1,0,0,0
2025,2,17_Alpine,FRA,Pierre Gasly,Pierre,Gasly,Alpine,#0093CC,#FAEF00,Франция,Renault,#004CA2,29.0,27,51,-49,19,77,28,105,105.0,1.0,37.0,22,10,1,13.17,1.0,18,18,17,22,22,22,1,0,0.04,1,0,0,0,1,0,4.077,0.0765,4.96,134,10.24,0,0,0,0,0,0,0,0,0,0,0,0,0,0,22,17,17,0
2025,2,34_Kick_Sauber,BRA,Gabriel Bortoleto,Gabriel,Bortoleto,Kick Sauber,#52E252,#DC0004,Бразилия,Ferrari,#FFCE00,29.0,34,38,-23,14,47,24,19,71.0,1.0,37.0,68,5,-9,14.66,1.0,19,23,34,523,19,19,0,0,0.00,0,0,0,0,0,0,3.433,0.0647,5.15,134,10.47,0,0,0,0,0,0,0,0,0,0,0,0,0,0,14,11,11,0
2025,2,31_Alpine,ARG,Franco Colapinto,Franco,Colapinto,Alpine,#0093CC,#FAEF00,Аргентина,Renault,#68A6DB,21.0,14,46,-40,11,48,8,0,56.0,1.0,24.0,22,43,-2,16.45,1.0,20,13,31,22,0,0,1,0,0.05,1,0,0,0,1,0,6.377,0.1032,5.80,116,11.08,0,0,0,0,0,0,0,0,0,0,0,0,0,0,5,5,5,0
2025,2,32_Alpine,AUS,Jack Doohan,Jack,Doohan,Alpine,#0093CC,#FAEF00,Австралия,Renault,#F7C900,8.0,20,33,-15,2,20,5,392,25.0,1.0,6.0,22,7,-2,15.62,1.0,21,4,32,22,0,0,0,0,0.00,0,0,0,0,0,0,3.056,0.0765,4.17,25,9.96,0,0,0,0,0,0,0,0,0,0,0,0,0,0,2,1,1,0
2021,1,2_Red_Bull_Racing,NLD,Max Verstappen,Max,Verstappen,Red Bull Racing,#1E5BC6,#DE0000,Нидерланды,Honda,#F75600,22.0,81,73,17,11,5,22,388.5,27.0,1.0,15.0,578.5,33,7,2.82,1.0,1,4,2,578.5,388.5,388.5,13,6,0.62,20,7,8,4,0,1,2.937,0.0489,5.75,115,9.48,9,18,8,0,0,0,0,0,8,5,8,0,0,0,20,20,20,653
2021,1,1_Mercedes,GBR,Lewis Hamilton,Lewis,Hamilton,Mercedes,#00D2BE,#707070,Великобритания,Mercedes,#314486,22.0,68,53,20,8,18,38,561.5,56.0,1.0,15.0,604.5,44,1,3.05,1.0,2,7,1,978.5,385.5,385.5,13,3,0.62,16,1,11,0,2,2,4.232,0.0669,6.43,135,10.62,8,17,8,0,0,0,0,0,8,9,2,0,0,0,17,17,17,297
2021,1,3_Mercedes,FIN,Valtteri Bottas,Valtteri,Bottas,Mercedes,#00D2BE,#707070,Финляндия,Mercedes,#04276B,22.0,70,23,18,5,14,33,229,47.0,1.0,22.0,604.5,77,-12,5.45,1.0,3,17,3,978.5,219,219,4,0,0.19,4,0,1,1,0,2,4.543,0.0784,5.40,108,9.49,1,11,1,9,0,0,0,0,3,4,8,0,0,0,5,5,5,80
2021,1,5_Red_Bull_Racing,MEX,Sergio Perez,Sergio,Perez,Red Bull Racing,#1E5BC6,#DE0000,Мексика,Honda,#006640,22.0,78,79,42,11,16,58,190,74.0,1.0,14.0,578.5,11,8,7.95,1.0,4,3,5,578.5,190,190,5,2,0.24,6,1,0,1,0,4,6.367,0.1070,6.40,128,10.77,1,5,0,4,0,0,0,0,0,1,2,0,0,0,1,1,2,46
2021,1,8_Ferrari,ESP,Carlos Sainz,Carlos,Sainz,Ferrari,#CC1400,#DC0004,Испания,Ferrari,#F7B800,22.0,59,45,14,14,31,45,244.5,76.0,1.0,31.0,322.5,55,-3,7.77,1.0,5,17,8,335.5,163.5,163.5,3,1,0.14,4,2,0,0,0,2,4.643,0.0743,5.86,123,9.49,0,4,1,3,0,0,0,0,0,1,0,0,0,0,9,9,9,12
2021,1,4_McLaren,GBR,Lando Norris,Lando,Norris,McLaren,#FF9800,#707070,Великобритания,Mercedes,#314486,22.0,76,25,30,4,14,44,561.5,58.0,1.0,16.0,274,4,-8,6.77,1.0,6,12,4,978.5,160,160,7,2,0.33,10,2,0,3,0,5,3.820,0.0619,5.10,102,8.33,0,4,1,3,0,0,0,0,1,1,1,0,0,0,15,15,15,31
2021,1,6_Ferrari,MON,Charles Leclerc,Charles,Leclerc,Ferrari,#CC1400,#DC0004,Монако,Ferrari,#D80000,22.0,51,95,1,18,31,32,159,63.0,1.0,19.0,322.5,16,17,6.67,1.0,7,1,6,335.5,159,159,6,0,0.29,6,2,0,2,1,1,3.935,0.0662,5.63,107,9.33,0,1,1,0,0,0,0,0,2,0,0,0,0,0,13,13,13,60
2021,1,7_McLaren,AUS,Daniel Ricciardo,Daniel,Ricciardo,McLaren,#FF9800,#707070,Австралия,Mercedes,#F7C900,22.0,54,61,5,20,28,33,114,61.0,1.0,33.0,274,3,7,9.64,1.0,8,13,7,978.5,114,114,5,2,0.24,9,3,1,2,3,0,4.502,0.0713,5.71,120,9.46,1,1,0,0,0,0,0,0,0,0,0,0,0,0,7,7,7,48
2021,1,17_Alpha_Tauri,FRA,Pierre Gasly,Pierre,Gasly,Alpha Tauri,#2B4562,Alpha Tauri,Франция,Alpha Tauri,#004CA2,22.0,67,0,22,0,22,45,184,67.0,1.0,25.0,142,10,-25,7.18,1.0,9,25,17,142,110,110,4,0,0.19,4,0,0,2,0,2,4.328,0.0713,4.89,93,8.24,0,1,0,1,0,0,0,0,0,0,0,0,0,0,19,19,21,0
2021,1,19_Alpine,ESP,Fernando Alonso,Fernando,Alonso,Alpine,#0090FF,#FAEF00,Испания,Renault,#F7B800,22.0,42,34,-13,15,47,34,244.5,81.0,1.0,44.0,155,14,-14,10.36,1.0,10,29,19,155,81,81,2,0,0.10,2,0,0,0,2,0,5.706,0.0960,5.76,121,9.61,0,1,0,1,0,0,0,0,0,0,0,0,0,0,11,11,11,2
2021,1,13_Alpine,FRA,Esteban Ocon,Esteban,Ocon,Alpine,#0090FF,#FAEF00,Франция,Renault,#004CA2,22.0,44,54,-8,14,36,28,184,64.0,1.0,26.0,155,31,2,10.55,1.0,11,12,13,155,74,74,3,3,0.14,7,2,0,3,1,1,5.773,0.0964,6.32,120,10.40,1,1,0,0,0,0,0,0,0,0,0,0,0,0,11,11,11,66
2021,1,15_Aston_Martin,GER,Sebastian Vettel,Sebastian,Vettel,Aston Martin,#006F62,#707070,Германия,Mercedes,#000000,22.0,46,58,-9,19,56,47,43,103.0,1.0,33.0,77,5,5,12.00,1.0,12,14,15,978.5,43,43,2,0,0.10,2,0,0,1,1,0,5.871,0.0971,5.35,107,8.95,0,1,1,0,0,0,0,0,0,0,0,0,0,0,12,12,14,4
2021,1,10_Aston_Martin,CAN,Lance Stroll,Lance,Stroll,Aston Martin,#006F62,#707070,Канада,Mercedes,#E30000,22.0,57,77,13,23,42,55,41,97.0,1.0,30.0,77,18,16,13.00,1.0,13,7,10,978.5,34,34,2,0,0.10,2,1,0,1,0,0,5.143,0.0832,5.15,103,8.79,0,0,0,0,0,0,0,0,0,0,0,0,0,0,8,8,8,0
2021,1,9_Alpha_Tauri,JPN,Yuki Tsunoda,Yuki,Tsunoda,Alpha Tauri,#2B4562,Alpha Tauri,Япония,Alpha Tauri,#C60018,22.0,59,37,10,14,29,41,32,70.0,1.0,38.0,142,22,-10,12.76,1.0,14,24,9,142,32,32,1,0,0.05,1,0,0,0,1,0,6.531,0.1057,5.00,95,8.80,0,0,0,0,0,0,0,0,0,0,0,0,0,0,1,1,1,0
2021,1,14_Williams,GBR,George Russell,George,Russell,Williams,#005AFF,#707070,Великобритания,Mercedes,#314486,22.0,27,36,-32,16,56,21,561.5,77.0,1.0,44.0,23,63,-12,12.86,1.0,15,28,14,978.5,16,16,2,0,0.10,2,0,0,0,2,0,5.625,0.0959,4.95,104,9.10,0,1,0,0,0,0,0,0,0,1,1,0,0,0,20,20,20,0
2021,1,11_Alfa_Romeo_Racing,FIN,Kimi Räikkönen,Kimi,Räikkönen,Alfa Romeo Racing,#900000,#DC0004,Финляндия,Ferrari,#04276B,20.0,41,81,-14,35,44,30,229,74.0,1.0,43.0,13,7,27,15.20,1.0,16,8,11,335.5,10,10,5,0,0.26,5,0,0,1,4,0,6.314,0.1061,5.78,104,9.78,0,0,0,0,0,0,0,0,0,0,0,0,0,0,6,6,7,0
2021,1,18_Williams,CAN,Nicholas Latifi,Nicholas,Latifi,Williams,#005AFF,#707070,Канада,Mercedes,#E30000,22.0,36,31,-20,12,45,25,41,70.0,1.0,39.0,23,6,-15,15.91,1.0,17,27,18,978.5,7,7,1,0,0.05,1,0,0,0,1,0,6.102,0.0995,5.75,115,9.64,0,0,0,0,0,0,0,0,0,0,0,0,0,0,2,2,2,0
2021,1,12_Alfa_Romeo_Racing,ITA,Antonio Giovinazzi,Antonio,Giovinazzi,Alfa Romeo Racing,#900000,#DC0004,Италия,Ferrari,#009645,22.0,42,63,-14,24,53,39,3,92.0,1.0,38.0,13,99,10,13.55,1.0,18,14,12,335.5,3,3,3,0,0.14,3,0,0,0,3,0,6.128,0.1014,5.52,116,9.24,0,0,0,0,0,0,0,0,0,0,0,0,0,0,15,15,15,0
2021,1,16_Haas_F1_Team,GER,Mick Schumacher,Mick,Schumacher,Haas F1 Team,#505050,#DC0004,Германия,Ferrari,#000000,22.0,12,49,-42,19,49,7,43,56.0,1.0,39.0,0,47,-1,17.27,1.0,19,20,16,335.5,0,0,0,0,0.00,0,0,0,0,0,0,10.750,0.1742,6.00,120,10.55,0,0,0,0,0,0,0,0,0,0,0,0,0,0,20,20,20,0
2021,1,20_Haas_F1_Team,RUS,Nikita Mazepin,Nikita,Mazepin,Haas F1 Team,#505050,#DC0004,Россия,Ferrari,#1922A4,22.0,18,44,-33,11,42,9,0,51.0,1.0,25.0,0,9,-3,18.14,1.0,20,14,20,335.5,0,0,1,0,0.05,1,0,0,0,0,1,13.028,0.2194,6.06,109,10.79,0,0,0,0,0,0,0,0,0,0,0,0,0,0,0,0,2,0
2021,1,21_Alfa_Romeo_Racing,POL,Robert Kubica,Robert,Kubica,Alfa Romeo Racing,#900000,#DC0004,Польша,Ferrari,#E70028,2.0,10,100,-8,1,9,1,0,10.0,0.0,1.0,13,88,1,16.00,0.0,21,0,21,335.5,0,0,0,0,0.00,0,0,0,0,0,0,5.847,0.0919,6.50,13,10.57,0,0,0,0,0,0,0,0,0,0,0,0,0,0,0,0,0,0
2022,1,2_Red_Bull_Racing,NLD,Max Verstappen,Max,Verstappen,Red Bull Racing,#1E5BC6,#DE0000,Нидерланды,Honda,#F75600,22.0,85,69,39,11,8,47,435,55.0,1.0,16.0,724,1,6,3.36,1.0,1,5,2,724,433,433,16,9,0.73,29,7,12,6,2,2,2.989,0.0485,4.95,109,8.58,15,17,1,1,0,0,0,0,8,7,3,0,0,0,18,18,18,616
2022,1,6_Ferrari,MON,Charles Leclerc,Charles,Leclerc,Ferrari,#CC1400,#DC0004,Монако,Ferrari,#D80000,22.0,69,58,38,7,22,49,291,71.0,1.0,12.0,519,16,2,3.86,1.0,2,5,6,605,291,291,10,3,0.45,14,3,5,1,1,4,2.564,0.0488,4.95,109,9.18,3,11,5,3,0,0,0,0,9,6,3,0,0,0,15,15,15,311
2022,1,5_Red_Bull_Racing,MEX,Sergio Perez,Sergio,Perez,Red Bull Racing,#1E5BC6,#DE0000,Мексика,Honda,#006640,22.0,64,65,13,13,17,30,291,47.0,1.0,20.0,724,11,6,4.82,1.0,3,7,5,724,291,291,5,2,0.23,8,3,3,1,1,0,3.575,0.0677,4.95,109,9.22,2,11,7,2,0,0,0,0,1,3,4,0,0,0,4,4,4,147
2022,1,14_Mercedes,GBR,George Russell,George,Russell,Mercedes,#00D2BE,#707070,Великобритания,Mercedes,#314486,22.0,80,55,29,12,10,39,611,49.0,1.0,22.0,495,63,2,6.32,1.0,4,10,14,708,262,262,7,4,0.32,12,5,1,2,1,3,3.430,0.0591,5.19,109,8.79,1,8,1,6,0,0,0,0,1,1,1,0,0,0,9,9,9,99
2022,1,8_Ferrari,ESP,Carlos Sainz,Carlos,Sainz,Ferrari,#CC1400,#DC0004,Испания,Ferrari,#F7B800,22.0,79,35,36,6,13,49,309,62.0,1.0,17.0,519,55,-5,4.73,1.0,5,11,8,605,228,228,8,0,0.36,8,1,0,4,0,3,3.388,0.0550,5.17,93,9.01,1,9,3,5,0,0,0,0,2,4,8,0,0,0,7,7,7,71
2022,1,1_Mercedes,GBR,Lewis Hamilton,Lewis,Hamilton,Mercedes,#00D2BE,#707070,Великобритания,Mercedes,#314486,22.0,71,60,34,12,24,58,611,82.0,1.0,20.0,495,44,4,6.50,1.0,6,8,1,708,233,233,6,0,0.27,6,1,1,0,1,3,3.669,0.0643,4.81,101,8.11,0,9,5,4,0,0,0,0,0,0,2,0,0,0,13,13,13,46
2022,1,4_McLaren,GBR,Lando Norris,Lando,Norris,McLaren,#F58020,#707070,Великобритания,Mercedes,#314486,22.0,52,28,3,8,40,43,611,83.0,1.0,29.0,150,4,-13,8.00,1.0,7,21,4,708,116,116,2,0,0.09,2,0,0,1,1,0,3.233,0.0559,5.09,112,8.95,0,1,0,1,0,0,0,0,0,0,1,0,0,0,20,20,20,0
2022,1,13_Alpine,FRA,Esteban Ocon,Esteban,Ocon,Alpine,#2293D1,#FAEF00,Франция,Renault,#004CA2,22.0,59,91,16,21,35,51,112,86.0,1.0,23.0,170,31,19,11.50,1.0,8,2,13,170,89,89,3,1,0.14,4,1,0,2,1,0,3.026,0.0525,5.18,114,9.18,0,0,0,0,0,0,0,0,0,0,0,0,0,0,10,10,10,0
2022,1,19_Alpine,ESP,Fernando Alonso,Fernando,Alonso,Alpine,#2293D1,#FAEF00,Испания,Renault,#F7B800,22.0,59,56,14,14,37,54,309,91.0,1.0,25.0,170,14,3,9.36,1.0,9,11,19,170,81,81,3,1,0.14,4,1,0,0,2,1,3.908,0.0711,4.77,105,9.40,0,0,0,0,0,0,0,0,0,1,0,0,0,0,11,11,12,1
2022,1,3_Alfa_Romeo,FIN,Valtteri Bottas,Valtteri,Bottas,Alfa Romeo,#B12039,#DC0004,Финляндия,Ferrari,#04276B,22.0,43,10,-17,6,50,37,47,87.0,1.0,62.0,53,77,-50,11.32,1.0,10,56,3,605,47,47,0,0,0.00,0,0,0,0,0,0,4.308,0.0814,5.05,106,9.34,0,0,0,0,0,0,0,0,0,0,0,0,0,0,14,14,14,0
2022,1,7_McLaren,AUS,Daniel Ricciardo,Daniel,Ricciardo,McLaren,#F58020,#707070,Австралия,Mercedes,#F7C900,22.0,38,35,-19,15,48,29,34,77.0,1.0,43.0,150,3,-13,11.32,1.0,11,28,7,708,34,34,2,0,0.09,2,0,0,0,1,1,3.737,0.0639,4.48,94,7.87,0,0,0,0,0,0,0,0,0,0,0,0,0,0,2,2,2,0
2022,1,15_Aston_Martin,GER,Sebastian Vettel,Sebastian,Vettel,Aston Martin,#2D826D,#707070,Германия,Mercedes,#000000,20.0,42,69,-8,25,53,39,49,92.0,1.0,36.0,55,5,14,13.55,1.0,12,11,15,708,37,37,5,0,0.25,5,0,0,2,2,1,5.444,0.1031,4.80,96,8.73,0,0,0,0,0,0,0,0,0,0,0,0,0,0,12,12,13,2
2022,1,22_Haas_F1_Team,DEN,Kevin Magnussen,Kevin,Magnussen,Haas F1 Team,#505050,#DC0004,Дания,Ferrari,#D20019,22.0,35,63,-38,31,83,45,21,128.0,1.0,49.0,33,20,13,12.82,1.0,13,18,22,605,21,21,3,0,0.14,3,0,0,0,3,0,4.942,0.0853,4.71,99,8.73,0,0,0,0,0,0,0,0,1,0,0,0,0,0,16,16,16,0
2022,1,17_Alpha_Tauri,FRA,Pierre Gasly,Pierre,Gasly,Alpha Tauri,#4E7C9B,Alpha Tauri,Франция,Alpha Tauri,#004CA2,22.0,42,61,-9,17,56,40,112,96.0,1.0,28.0,35,10,6,12.55,1.0,14,11,17,35,23,23,1,0,0.05,1,0,0,0,0,1,4.432,0.0830,5.09,112,9.06,0,0,0,0,0,0,0,0,0,0,0,0,0,0,12,12,13,0
2022,1,10_Aston_Martin,CAN,Lance Stroll,Lance,Stroll,Aston Martin,#2D826D,#707070,Канада,Mercedes,#E30000,22.0,48,85,0,35,51,48,20,99.0,1.0,41.0,55,18,29,15.05,1.0,15,6,10,708,18,18,4,0,0.18,4,0,0,1,3,0,5.398,0.0991,4.64,102,8.27,0,0,0,0,0,0,0,0,0,0,0,0,0,0,8,8,8,0
2022,1,16_Haas_F1_Team,GER,Mick Schumacher,Mick,Schumacher,Haas F1 Team,#505050,#DC0004,Германия,Ferrari,#000000,22.0,34,44,-37,20,77,40,49,117.0,1.0,45.0,33,47,-5,13.62,1.0,16,25,16,605,12,12,1,0,0.05,1,0,0,0,0,1,6.662,0.1246,5.14,108,9.47,0,0,0,0,0,0,0,0,0,0,0,0,0,0,6,6,6,0
2022,1,9_Alpha_Tauri,JPN,Yuki Tsunoda,Yuki,Tsunoda,Alpha Tauri,#4E7C9B,Alpha Tauri,Япония,Alpha Tauri,#C60018,22.0,46,61,-8,30,49,41,12,90.0,1.0,49.0,35,22,11,14.05,1.0,17,19,9,35,12,12,4,0,0.18,4,0,0,2,2,0,6.453,0.1115,4.67,98,8.90,0,0,0,0,0,0,0,0,0,0,0,0,0,0,9,9,9,0
2022,1,23_Alfa_Romeo,CHN,Guanyu Zhou,Guanyu,Zhou,Alfa Romeo,#B12039,#DC0004,Китай,Ferrari,#F70000,22.0,60,12,15,5,41,61,6,102.0,1.0,43.0,53,24,-33,14.14,1.0,18,38,23,605,6,6,2,0,0.09,2,0,0,0,0,2,5.096,0.0904,4.67,98,9.25,0,0,0,0,0,0,0,0,0,0,0,0,0,0,8,8,8,0
2022,1,24_Williams,THA,Alexander Albon,Alexander,Albon,Williams,#37BEDD,#707070,Таиланд,Mercedes,#2E2549,21.0,35,58,-23,18,52,28,4,80.0,1.0,31.0,8,23,5,15.52,1.0,19,13,24,708,4,4,1,0,0.05,1,0,0,0,1,0,4.509,0.0771,4.74,90,8.17,0,0,0,0,0,0,0,0,0,0,0,0,0,0,19,19,19,0
2022,1,18_Williams,CAN,Nicholas Latifi,Nicholas,Latifi,Williams,#37BEDD,#707070,Канада,Mercedes,#E30000,22.0,21,43,-45,13,64,17,20,81.0,1.0,30.0,8,6,-4,17.36,1.0,20,17,18,708,2,2,0,0,0.00,0,0,0,0,0,0,6.554,0.1174,6.09,134,11.60,0,0,0,0,0,0,0,0,0,0,0,0,0,0,1,1,2,0
2022,1,26_Williams,NLD,Nyck De Vries,Nyck,De Vries,Williams,#37BEDD,#707070,Нидерланды,Mercedes,#F75600,1.0,0,0,-2,0,2,0,435,2.0,0.0,0.0,8,45,0,8.00,0.0,21,0,26,708,2,2,0,0,0.00,0,0,0,0,0,0,1.413,0.0267,3.00,3,5.66,0,0,0,0,0,0,0,0,0,0,0,0,0,0,1,1,1,0
2022,1,25_Aston_Martin,GER,Nico Hulkenberg,Nico,Hulkenberg,Aston Martin,#2D826D,#707070,Германия,Mercedes,#000000,2.0,16,100,-13,3,16,3,49,19.0,0.0,3.0,55,27,3,17.00,0.0,22,0,25,708,0,0,0,0,0.00,0,0,0,0,0,0,5.373,0.0959,4.50,9,8.41,0,0,0,0,0,0,0,0,0,0,0,0,0,0,1,1,1,0
2023,1,2_Red_Bull_Racing,NLD,Max Verstappen,Max,Verstappen,Red Bull Racing,#3671C6,#DE0000,Нидерланды,Honda,#F75600,22.0,95,69,51,9,3,54,530,57.0,1.0,13.0,790,1,5,3.18,1.0,1,4,2,790,530,530,22,11,1.00,37,11,17,5,1,3,2.322,0.0398,5.36,118,8.91,19,21,2,0,0,0,0,0,13,3,2,0,0,0,19,19,20,1003
2023,1,5_Red_Bull_Racing,MEX,Sergio Perez,Sergio,Perez,Red Bull Racing,#3671C6,#DE0000,Мексика,Honda,#006640,22.0,88,43,71,9,12,84,260,96.0,1.0,21.0,790,11,-3,9.18,1.0,2,12,5,790,260,260,8,0,0.36,8,0,1,1,0,6,3.946,0.0641,6.00,126,10.37,2,9,4,3,0,0,0,0,2,1,2,0,0,0,2,2,2,146
2023,1,1_Mercedes,GBR,Lewis Hamilton,Lewis,Hamilton,Mercedes,#6CD3BF,#707070,Великобритания,Mercedes,#314486,22.0,73,36,35,9,20,55,558,75.0,1.0,25.0,374,44,-7,6.09,1.0,3,16,1,932,217,217,5,0,0.24,5,0,1,0,0,4,3.629,0.0595,5.75,115,9.49,0,6,3,3,0,0,0,0,1,0,3,0,0,0,11,11,11,13
2023,1,19_Aston_Martin,ESP,Fernando Alonso,Fernando,Alonso,Aston Martin,#358C75,#707070,Испания,Mercedes,#F7B800,22.0,59,64,14,16,33,47,376,80.0,1.0,25.0,266,14,7,6.91,1.0,4,9,19,932,198,198,7,1,0.32,8,3,0,3,1,1,3.670,0.0642,5.45,120,9.27,0,8,3,5,0,0,0,0,0,2,2,0,0,0,19,19,19,3
2023,1,6_Ferrari,MON,Charles Leclerc,Charles,Leclerc,Ferrari,#CC1400,#DC0004,Монако,Ferrari,#D80000,22.0,57,64,9,7,27,36,185,63.0,1.0,11.0,363,16,3,4.95,1.0,5,4,6,388,185,185,3,2,0.14,5,2,0,2,1,0,2.848,0.0516,5.21,99,9.07,0,6,3,3,0,0,0,0,4,5,4,0,0,0,15,15,15,41
2023,1,4_McLaren,GBR,Lando Norris,Lando,Norris,McLaren,#F58020,#707070,Великобритания,Mercedes,#314486,22.0,64,50,24,16,31,55,558,86.0,1.0,32.0,266,4,0,7.95,1.0,6,16,4,932,184,184,3,1,0.14,4,1,0,2,0,1,3.624,0.0612,6.38,134,10.53,0,7,6,1,0,0,0,0,0,3,3,0,0,0,15,15,15,30
2023,1,8_Ferrari,ESP,Carlos Sainz,Carlos,Sainz,Ferrari,#CC1400,#DC0004,Испания,Ferrari,#F7B800,22.0,50,45,0,10,39,39,376,78.0,1.0,22.0,363,55,-2,5.48,1.0,7,12,8,388,178,178,3,0,0.14,3,1,0,1,1,0,3.173,0.0609,5.52,116,9.31,1,3,0,2,0,0,0,0,2,3,2,0,0,0,7,7,7,77
2023,1,14_Mercedes,GBR,George Russell,George,Russell,Mercedes,#6CD3BF,#707070,Великобритания,Mercedes,#314486,22.0,62,50,32,14,38,62,558,100.0,1.0,28.0,374,63,0,6.45,1.0,8,14,14,932,157,157,5,1,0.23,7,1,0,2,2,2,3.134,0.0540,5.09,112,8.94,0,2,0,2,0,0,0,0,0,3,1,0,0,0,11,11,11,6
2023,1,28_McLaren,AUS,Oscar Piastri,Oscar,Piastri,McLaren,#F58020,#707070,Австралия,Mercedes,#F7C900,22.0,55,74,9,25,40,49,88,89.0,1.0,34.0,266,81,16,9.64,1.0,9,9,28,932,82,82,4,1,0.18,6,1,1,0,4,0,4.781,0.0765,6.00,126,10.64,0,2,1,1,0,0,0,0,0,1,2,0,0,0,7,7,7,1
2023,1,10_Aston_Martin,CAN,Lance Stroll,Lance,Stroll,Aston Martin,#358C75,#707070,Канада,Mercedes,#E30000,22.0,52,71,2,25,46,49,68,95.0,1.0,35.0,266,18,15,12.38,1.0,10,10,10,932,68,68,3,0,0.14,3,0,1,0,1,1,3.798,0.0687,5.90,124,10.65,0,0,0,0,0,0,0,0,0,0,1,0,0,0,3,3,3,0
2023,1,17_Alpine,FRA,Pierre Gasly,Pierre,Gasly,Alpine,#2293D1,#FAEF00,Франция,Renault,#004CA2,22.0,63,38,22,12,32,54,110,86.0,1.0,32.0,110,10,-8,11.09,1.0,11,20,17,110,54,54,3,1,0.14,6,1,1,1,2,1,3.646,0.0607,5.62,118,9.46,0,1,0,1,0,0,0,0,0,0,0,0,0,0,14,14,14,0
2023,1,13_Alpine,FRA,Esteban Ocon,Esteban,Ocon,Alpine,#2293D1,#FAEF00,Франция,Renault,#004CA2,22.0,50,44,13,15,55,55,110,110.0,1.0,34.0,110,31,-4,11.23,1.0,12,19,13,110,56,56,3,1,0.14,5,1,0,2,0,2,2.828,0.0670,4.81,101,9.08,0,1,0,1,0,0,0,0,0,0,0,0,0,0,8,8,8,0
2023,1,24_Williams,THA,Alexander Albon,Alexander,Albon,Williams,#37BEDD,#707070,Таиланд,Mercedes,#2E2549,22.0,47,50,-7,15,54,47,25,101.0,1.0,30.0,26,23,0,11.91,1.0,13,15,24,932,25,25,3,0,0.14,3,0,0,2,1,0,5.119,0.0822,5.43,114,9.92,0,0,0,0,0,0,0,0,0,0,0,0,0,0,19,19,22,0
2023,1,9_Alpha_Tauri,JPN,Yuki Tsunoda,Yuki,Tsunoda,Alpha Tauri,#5E8FAA,Alpha Tauri,Япония,Alpha Tauri,#C60018,22.0,35,76,-33,26,70,37,14,107.0,1.0,34.0,22,22,18,13.95,1.0,14,8,9,22,14,14,1,0,0.05,1,0,0,0,1,0,6.842,0.1049,5.90,118,9.82,0,0,0,0,0,0,0,0,0,0,0,0,0,0,16,16,16,5
2023,1,3_Alfa_Romeo,FIN,Valtteri Bottas,Valtteri,Bottas,Alfa Romeo,#C92D4B,#DC0004,Финляндия,Ferrari,#04276B,22.0,22,34,-63,17,88,25,10,113.0,1.0,50.0,16,77,-16,13.86,1.0,15,33,3,388,10,10,3,1,0.14,4,0,0,0,3,1,4.741,0.0794,5.64,124,10.10,0,0,0,0,0,0,0,0,0,0,0,0,0,0,16,16,16,0
2023,1,25_Haas_F1_Team,GER,Nico Hulkenberg,Nico,Hulkenberg,Haas F1 Team,#505050,#DC0004,Германия,Ferrari,#000000,22.0,34,45,-35,18,76,40,6,116.0,1.0,40.0,9,27,-4,12.23,1.0,16,22,25,388,6,6,2,0,0.09,2,0,0,0,2,0,5.144,0.0904,5.45,120,9.60,0,0,0,0,0,0,0,0,0,1,0,0,0,0,15,15,15,0
2023,1,7_Alpha_Tauri,AUS,Daniel Ricciardo,Daniel,Ricciardo,Alpha Tauri,#5E8FAA,Alpha Tauri,Австралия,Alpha Tauri,#F7C900,7.0,29,24,-14,4,24,10,88,34.0,1.0,17.0,22,3,-9,13.71,1.0,17,13,7,22,6,6,0,0,0.00,0,0,0,0,0,0,5.952,0.1007,5.86,41,9.83,0,0,0,0,0,0,0,0,0,0,0,0,0,0,3,3,3,0
2023,1,23_Alfa_Romeo,CHN,Guanyu Zhou,Guanyu,Zhou,Alfa Romeo,#C92D4B,#DC0004,Китай,Ferrari,#F70000,22.0,42,32,-19,13,71,52,6,123.0,1.0,41.0,16,24,-15,15.55,1.0,18,28,23,388,6,6,0,0,0.00,0,0,0,0,0,0,4.621,0.0774,5.09,112,9.01,0,0,0,0,0,0,0,0,0,0,0,0,0,0,6,6,6,0
2023,1,22_Haas_F1_Team,DEN,Kevin Magnussen,Kevin,Magnussen,Haas F1 Team,#505050,#DC0004,Дания,Ferrari,#D20019,22.0,32,63,-42,27,76,35,3,111.0,1.0,43.0,9,20,11,15.00,1.0,19,16,22,388,3,3,2,0,0.09,2,0,0,0,2,0,5.773,0.0980,5.29,111,9.49,0,0,0,0,0,0,0,0,0,0,0,0,0,0,7,7,7,0
2023,1,29_Alpha_Tauri,NZL,Liam Lawson,Liam,Lawson,Alpha Tauri,#5E8FAA,Alpha Tauri,Новая Зеландия,Alpha Tauri,#0D1168,5.0,44,20,-3,1,15,12,2,27.0,1.0,5.0,22,40,-3,13.40,1.0,20,4,29,22,2,2,0,0,0.00,0,0,0,0,0,0,3.990,0.0692,5.20,26,8.90,0,0,0,0,0,0,0,0,0,0,0,0,0,0,1,1,1,0
2023,1,27_Williams,USA,Logan Sargeant,Logan,Sargeant,Williams,#37BEDD,#707070,США,Mercedes,#071C63,22.0,35,62,-17,15,55,30,1,85.0,1.0,24.0,26,2,6,16.73,1.0,21,9,27,932,1,1,0,0,0.00,0,0,0,0,0,0,6.932,0.1122,4.91,108,9.46,0,0,0,0,0,0,0,0,0,0,0,0,0,0,0,0,0,0
2023,1,26_Alpha_Tauri,NLD,Nyck De Vries,Nyck,De Vries,Alpha Tauri,#5E8FAA,Alpha Tauri,Нидерланды,Alpha Tauri,#F75600,10.0,23,17,-19,2,27,8,530,35.0,1.0,12.0,22,21,-8,16.60,1.0,22,10,26,22,0,0,1,0,0.10,1,0,0,1,0,0,9.830,0.1503,5.30,53,9.45,0,0,0,0,0,0,0,0,0,0,0,0,0,0,2,2,2,0
2024,1,2_Red_Bull_Racing,NLD,Max Verstappen,Max,Verstappen,Red Bull Racing,#3671C6,#DE0000,Нидерланды,Honda,#F75600,24.0,70,62,20,16,14,33,399,47.0,1.0,26.0,537,1,6,3.46,1.0,1,10,2,577,399,399,17,8,0.71,31,11,8,7,3,2,3.336,0.0539,6.26,144,10.36,9,14,4,1,0,0,0,0,10,6,1,0,0,0,23,23,23,560
2024,1,4_McLaren,GBR,Lando Norris,Lando,Norris,McLaren,#FF8000,#707070,Великобритания,Mercedes,#314486,24.0,70,16,20,3,15,35,784,50.0,1.0,19.0,609,4,-13,3.38,1.0,2,16,4,1153,344,344,8,3,0.33,11,2,6,2,1,0,3.543,0.0597,6.25,150,10.44,4,13,6,3,0,0,0,0,8,1,6,0,0,0,20,20,20,271
2024,1,6_Ferrari,MON,Charles Leclerc,Charles,Leclerc,Ferrari,#CC1400,#DC0004,Монако,Ferrari,#D80000,24.0,61,93,14,27,26,40,327,66.0,1.0,29.0,595,16,25,5.42,1.0,3,2,6,650,327,327,9,3,0.38,13,3,1,2,5,2,3.270,0.0547,6.00,144,10.18,3,13,3,7,0,0,0,0,2,4,0,0,0,0,15,15,15,172
2024,1,28_McLaren,AUS,Oscar Piastri,Oscar,Piastri,McLaren,#FF8000,#707070,Австралия,Mercedes,#F7C900,24.0,79,24,40,7,15,55,272,70.0,1.0,29.0,609,81,-15,5.38,1.0,4,22,28,1153,265,265,8,3,0.33,11,2,3,3,1,2,3.450,0.0580,5.58,134,9.28,2,8,4,2,0,0,0,0,0,6,1,0,0,0,4,4,4,123
2024,1,8_Ferrari,ESP,Carlos Sainz,Carlos,Sainz,Ferrari,#CC1400,#DC0004,Испания,Ferrari,#F7B800,23.0,76,33,30,8,14,44,332,58.0,1.0,24.0,595,55,-8,5.61,1.0,5,16,8,650,262,262,5,1,0.22,6,1,2,2,0,1,3.651,0.0612,5.26,121,9.00,2,9,2,5,0,0,0,0,1,2,5,0,0,0,9,9,9,134
2024,1,14_Mercedes,GBR,George Russell,George,Russell,Mercedes,#27F4D2,#707070,Великобритания,Mercedes,#314486,24.0,63,52,18,13,26,44,784,70.0,1.0,25.0,433,63,1,5.62,1.0,6,12,14,1153,226,226,7,1,0.30,8,2,0,2,2,2,3.716,0.0644,6.13,141,10.22,2,4,0,2,0,0,0,0,3,2,3,0,0,0,19,19,19,138
2024,1,1_Mercedes,GBR,Lewis Hamilton,Lewis,Hamilton,Mercedes,#27F4D2,#707070,Великобритания,Mercedes,#314486,24.0,70,79,37,22,28,65,784,93.0,1.0,28.0,433,44,16,8.75,1.0,7,6,1,1153,207,207,9,1,0.38,10,1,4,1,1,3,4.400,0.0771,4.87,112,8.32,2,5,1,2,0,0,0,0,0,1,2,0,0,0,5,5,5,31
2024,1,5_Red_Bull_Racing,MEX,Sergio Perez,Sergio,Perez,Red Bull Racing,#3671C6,#DE0000,Мексика,Honda,#006640,24.0,75,43,44,16,22,66,138,88.0,1.0,37.0,537,11,-5,9.25,1.0,8,21,5,577,138,138,7,1,0.29,8,2,0,0,1,5,4.469,0.0762,5.86,129,10.20,0,4,3,1,0,0,0,0,0,2,3,0,0,0,1,1,1,1
2024,1,19_Aston_Martin,ESP,Fernando Alonso,Fernando,Alonso,Aston Martin,#229971,#707070,Испания,Mercedes,#F7B800,24.0,45,57,-8,13,53,44,332,97.0,1.0,23.0,94,14,3,9.38,1.0,9,10,19,1153,70,70,3,0,0.12,3,0,0,2,0,1,4.666,0.0784,5.54,133,9.64,0,0,0,0,0,0,0,0,0,0,1,0,0,0,19,19,19,0
2024,1,17_Alpine,FRA,Pierre Gasly,Pierre,Gasly,Alpine,#0093CC,#FAEF00,Франция,Renault,#004CA2,24.0,49,67,0,14,43,42,63,85.0,1.0,21.0,63,10,7,12.78,1.0,10,7,17,63,40,40,2,0,0.08,2,0,0,0,1,1,5.061,0.0839,5.50,121,9.59,0,1,0,1,0,0,0,0,0,0,1,0,0,0,11,11,11,0
2024,1,25_Haas_F1_Team,GER,Nico Hulkenberg,Nico,Hulkenberg,Haas F1 Team,#505050,#DC0004,Германия,Ferrari,#000000,24.0,48,53,-5,16,56,51,36,107.0,1.0,30.0,51,27,2,11.79,1.0,11,14,25,650,36,36,1,0,0.04,1,0,0,0,1,0,4.649,0.0806,6.00,132,10.39,0,0,0,0,0,0,0,0,0,0,0,0,0,0,16,16,16,0
2024,1,9_RB,JPN,Yuki Tsunoda,Yuki,Tsunoda,RB,#6692FF,#DE0000,Япония,Honda,#C60018,24.0,25,45,-35,18,73,24,29,97.0,1.0,40.0,40,22,-4,11.08,1.0,12,22,9,577,29,29,2,0,0.08,2,0,0,0,2,0,7.435,0.1496,4.83,111,8.89,0,0,0,0,0,0,0,0,0,0,1,0,0,0,18,18,18,0
2024,1,10_Aston_Martin,CAN,Lance Stroll,Lance,Stroll,Aston Martin,#229971,#707070,Канада,Mercedes,#E30000,24.0,65,45,27,13,33,60,24,93.0,1.0,29.0,94,18,-3,12.78,1.0,13,16,10,1153,24,24,4,0,0.17,4,0,0,0,1,3,5.565,0.0933,5.87,135,10.68,0,0,0,0,0,0,0,0,0,0,0,0,0,0,5,5,5,0
2024,1,13_Alpine,FRA,Esteban Ocon,Esteban,Ocon,Alpine,#0093CC,#FAEF00,Франция,Renault,#004CA2,23.0,34,53,-33,16,67,34,63,101.0,1.0,30.0,63,31,2,14.30,1.0,14,14,13,63,23,23,2,0,0.09,2,0,0,1,0,1,6.417,0.1095,5.48,115,9.30,0,1,1,0,0,0,0,0,0,0,0,0,0,0,13,13,13,14
2024,1,22_Haas_F1_Team,DEN,Kevin Magnussen,Kevin,Magnussen,Haas F1 Team,#505050,#DC0004,Дания,Ferrari,#D20019,22.0,48,81,-3,30,51,48,14,99.0,1.0,37.0,51,20,23,14.64,1.0,15,7,22,650,14,14,4,0,0.18,4,0,0,1,2,1,5.080,0.0862,5.81,122,9.89,0,0,0,0,0,0,0,0,0,0,0,0,0,0,6,6,6,0
2024,1,24_Williams,THA,Alexander Albon,Alexander,Albon,Williams,#64C4FF,#707070,Таиланд,Mercedes,#2E2549,24.0,40,40,-13,14,43,29,12,72.0,1.0,35.0,17,23,-7,13.13,1.0,16,21,24,1153,12,12,0,0,0.00,0,0,0,0,0,0,6.119,0.1024,5.10,107,9.39,0,0,0,0,0,0,0,0,0,0,0,0,0,0,20,20,22,0
2024,1,7_RB,AUS,Daniel Ricciardo,Daniel,Ricciardo,RB,#6692FF,#DE0000,Австралия,Honda,#F7C900,18.0,50,10,0,2,31,31,272,62.0,1.0,21.0,40,3,-17,13.11,1.0,17,19,7,577,7,7,1,0,0.06,1,0,0,1,0,0,6.978,0.1153,5.00,85,8.53,0,0,0,0,0,0,0,0,0,0,0,0,0,0,6,6,6,0
2024,1,30_Haas_F1_Team,GBR,Oliver Bearman,Oliver,Bearman,Haas F1 Team,#505050,#DC0004,Великобритания,Ferrari,#314486,3.0,58,50,4,2,11,15,784,26.0,0.0,4.0,51,50,0,11.25,0.0,18,2,30,650,7,1,0,0,0.00,0,0,0,0,0,0,9.192,0.1470,5.00,16,9.00,0,0,0,0,0,0,0,0,0,0,0,0,0,0,2,2,2,0
2024,1,31_Williams,ARG,Franco Colapinto,Franco,Colapinto,Williams,#64C4FF,#707070,Аргентина,Mercedes,#68A6DB,9.0,44,67,-2,10,18,14,5,32.0,1.0,15.0,17,43,5,15.78,1.0,19,5,31,1153,5,5,1,0,0.11,1,0,0,0,1,0,4.298,0.0849,4.38,35,8.82,0,0,0,0,0,0,0,0,0,0,0,0,0,0,2,2,2,0
2024,1,23_Kick_Sauber,CHN,Guanyu Zhou,Guanyu,Zhou,Kick Sauber,#52e252,#DC0004,Китай,Ferrari,#F70000,24.0,27,48,-47,14,75,28,4,103.0,1.0,29.0,4,24,-1,17.50,1.0,20,15,23,650,4,4,1,0,0.04,1,0,0,0,1,0,7.323,0.1175,5.50,132,9.81,0,0,0,0,0,0,0,0,0,0,0,0,0,0,3,3,3,0
2024,1,29_RB,NZL,Liam Lawson,Liam,Lawson,RB,#6692FF,#DE0000,Новая Зеландия,Honda,#0D1168,6.0,13,75,-22,12,26,4,4,30.0,1.0,16.0,40,30,8,13.17,1.0,21,4,29,577,4,4,1,0,0.17,1,0,0,0,1,0,4.540,0.0746,4.67,28,7.84,0,0,0,0,0,0,0,0,0,0,0,0,0,0,0,0,0,0
2024,1,3_Kick_Sauber,FIN,Valtteri Bottas,Valtteri,Bottas,Kick Sauber,#52e252,#DC0004,Финляндия,Ferrari,#04276B,24.0,29,24,-45,11,75,31,0,106.0,1.0,45.0,4,77,-23,14.96,1.0,22,34,3,650,0,0,0,0,0.00,0,0,0,0,0,0,6.509,0.1114,5.50,132,9.71,0,0,0,0,0,0,0,0,0,0,0,0,0,0,20,20,21,0
2024,1,27_Williams,USA,Logan Sargeant,Logan,Sargeant,Williams,#64C4FF,#707070,США,Mercedes,#071C63,14.0,28,33,-16,5,34,13,0,47.0,1.0,15.0,17,2,-5,17.14,1.0,23,10,27,1153,0,0,0,0,0.00,0,0,0,0,0,0,8.290,0.1852,5.14,72,9.36,0,0,0,0,0,0,0,0,0,0,0,0,0,0,0,0,0,0
2024,1,32_Alpine,AUS,Jack Doohan,Jack,Doohan,Alpine,#0093CC,#FAEF00,Австралия,Renault,#F7C900,1.0,17,50,-4,2,5,1,272,6.0,0.0,4.0,63,61,0,17.00,0.0,24,2,32,63,0,0,0,0,0.00,0,0,0,0,0,0,6.757,0.1185,6.00,6,10.53,0,0,0,0,0,0,0,0,0,0,0,0,0,0,0,0,0,0
2025,1,4_McLaren,GBR,Lando Norris,Lando,Norris,McLaren,#FF8000,#707070,Великобритания,Mercedes,#314486,23.0,87,33,23,6,4,27,828,31.0,1.0,18.0,742,4,-6,3.00,1.0,1,12,4,1351,379,379,9,4,0.41,14,4,4,3,2,1,2.856,0.0479,5.14,113,8.55,7,17,8,2,0,0,0,0,7,7,3,0,0,0,12,12,12,373
2025,1,2_Red_Bull_Racing,NLD,Max Verstappen,Max,Verstappen,Red Bull Racing,#3671C6,#DE0000,Нидерланды,Honda,#F75600,23.0,74,64,21,7,11,32,364,43.0,1.0,11.0,385,1,3,3.70,1.0,2,4,2,473,364,364,12,5,0.52,20,4,8,4,1,3,2.925,0.0475,5.36,118,8.99,7,14,5,2,0,0,0,0,7,4,4,0,0,0,22,22,23,412
2025,1,28_McLaren,AUS,Oscar Piastri,Oscar,Piastri,McLaren,#FF8000,#707070,Австралия,Mercedes,#F7C900,23.0,91,40,29,4,3,32,363,35.0,1.0,10.0,742,81,-2,3.00,1.0,3,6,28,1351,363,363,12,3,0.55,16,3,9,0,1,3,3.586,0.0558,5.81,122,9.52,7,15,4,4,0,0,0,0,6,5,6,0,0,0,11,11,11,435
2025,1,14_Mercedes,GBR,George Russell,George,Russell,Mercedes,#27F4D2,#707070,Великобритания,Mercedes,#314486,23.0,70,31,23,5,17,40,828,57.0,1.0,16.0,414,63,-6,4.87,1.0,4,11,14,1351,279,279,7,3,0.30,12,4,2,5,0,1,2.942,0.0474,5.30,122,8.83,2,9,3,4,0,0,0,0,2,2,2,0,0,0,20,20,20,103
2025,1,6_Ferrari,MON,Charles Leclerc,Charles,Leclerc,Ferrari,#CC1400,#DC0004,Монако,Ferrari,#D80000,23.0,60,71,10,10,20,30,213,50.0,1.0,14.0,344,16,6,5.91,1.0,5,4,6,479,213,213,5,1,0.23,6,2,0,2,1,1,3.635,0.0614,5.59,123,9.91,0,7,2,5,0,0,0,0,1,3,4,0,0,0,18,18,18,48
2025,1,1_Ferrari,GBR,Lewis Hamilton,Lewis,Hamilton,Ferrari,#CC1400,#DC0004,Великобритания,Ferrari,#314486,23.0,76,62,35,13,16,51,828,67.0,1.0,21.0,344,44,5,9.04,1.0,6,8,1,479,131,131,5,0,0.23,5,0,0,0,2,3,4.726,0.0797,5.45,120,9.66,0,0,0,0,0,0,0,0,0,0,1,0,0,0,5,5,5,2
2025,1,35_Mercedes,ITA,Kimi Antonelli,Kimi,Antonelli,Mercedes,#27F4D2,#707070,Италия,Mercedes,#009645,23.0,68,46,23,12,29,63,135,92.0,1.0,26.0,414,12,-2,8.43,1.0,7,14,35,1351,135,135,2,0,0.09,2,0,0,1,0,1,3.224,0.0546,4.64,102,8.17,0,3,1,2,0,0,0,0,0,1,1,0,0,0,3,3,3,11
2025,1,24_Williams,THA,Alexander Albon,Alexander,Albon,Williams,#64C4FF,#707070,Таиланд,Mercedes,#2E2549,23.0,55,53,11,18,44,53,70,97.0,1.0,34.0,124,23,2,12.43,1.0,8,16,24,1351,70,70,10,0,0.43,10,0,0,3,4,3,3.418,0.0564,4.26,98,7.87,0,0,0,0,0,0,0,0,0,0,0,0,0,0,9,9,10,1
2025,1,8_Williams,ESP,Carlos Sainz,Carlos,Sainz,Williams,#64C4FF,#707070,Испания,Mercedes,#F7B800,23.0,57,64,12,9,38,51,97,89.0,1.0,14.0,124,55,4,11.04,1.0,9,5,8,1351,54,54,2,0,0.09,2,2,0,0,0,0,5.030,0.0832,6.38,134,11.32,0,2,0,2,0,0,0,0,0,1,1,0,0,0,13,13,13,0
2025,1,33_Racing_Bulls,FRA,Isack Hadjar,Isack,Hadjar,Racing Bulls,#6692FF,#DE0000,Франция,Honda,#004CA2,23.0,36,27,-20,7,45,25,98,70.0,1.0,26.0,88,6,-12,10.09,1.0,10,19,33,473,50,50,3,1,0.13,4,1,0,2,1,0,4.844,0.0774,5.68,125,9.75,0,1,0,1,0,0,0,0,0,0,0,0,0,0,16,16,16,0
2025,1,25_Kick_Sauber,GER,Nico Hulkenberg,Nico,Hulkenberg,Kick Sauber,#52E252,#DC0004,Германия,Ferrari,#000000,23.0,45,50,-8,18,46,38,49,84.0,1.0,36.0,68,27,0,14.35,1.0,11,18,25,479,49,49,3,1,0.14,4,1,0,0,3,0,5.468,0.0951,5.38,113,9.67,0,1,0,1,0,0,0,0,0,0,0,0,0,0,11,11,12,0
2025,1,19_Aston_Martin,ESP,Fernando Alonso,Fernando,Alonso,Aston Martin,#229971,#707070,Испания,Mercedes,#F7B800,23.0,48,45,-4,13,51,48,97,99.0,1.0,29.0,71,14,-3,10.30,1.0,12,16,19,1351,43,43,4,0,0.17,4,0,0,0,2,2,4.282,0.0791,4.82,106,8.86,0,0,0,0,0,0,0,0,0,0,0,0,0,0,22,22,23,0
2025,1,30_Haas_F1_Team,GBR,Oliver Bearman,Oliver,Bearman,Haas F1 Team,#505050,#DC0004,Великобритания,Ferrari,#314486,23.0,61,83,19,19,33,51,828,84.0,1.0,23.0,67,87,15,14.26,1.0,13,4,30,479,39,39,4,1,0.17,5,1,0,0,3,1,4.462,0.0747,5.48,126,9.61,0,0,0,0,0,0,0,0,0,0,0,0,0,0,13,13,14,0
2025,1,29_Racing_Bulls,NZL,Liam Lawson,Liam,Lawson,Racing Bulls,#6692FF,#DE0000,Новая Зеландия,Honda,#0D1168,23.0,42,37,-9,10,33,24,38,57.0,1.0,27.0,88,30,-7,15.26,1.0,14,17,29,473,38,38,1,0,0.02,1,0,0,1,0,0,2.846,0.0485,3.73,104,6.90,0,0,0,0,0,0,0,0,0,0,1,0,0,0,5,5,6,0
2025,1,9_Red_Bull_Racing,JPN,Yuki Tsunoda,Yuki,Tsunoda,Red Bull Racing,#3671C6,#DE0000,Япония,Honda,#C60018,23.0,40,65,-14,17,43,29,21,72.0,1.0,26.0,385,22,8,10.17,1.0,15,9,9,473,21,21,4,1,0.10,5,1,0,1,2,1,3.924,0.0659,4.75,118,8.11,0,0,0,0,0,0,0,0,0,0,0,0,0,0,1,1,1,0
2025,1,13_Haas_F1_Team,FRA,Esteban Ocon,Esteban,Ocon,Haas F1 Team,#505050,#DC0004,Франция,Ferrari,#004CA2,23.0,27,74,-36,14,62,23,98,85.0,1.0,19.0,67,31,9,15.17,1.0,16,5,13,479,28,28,1,0,0.04,1,0,0,0,0,1,4.507,0.0727,5.43,125,9.33,0,0,0,0,0,0,0,0,0,0,0,0,0,0,8,8,9,0
2025,1,10_Aston_Martin,CAN,Lance Stroll,Lance,Stroll,Aston Martin,#229971,#707070,Канада,Mercedes,#E30000,23.0,53,52,5,12,41,46,28,87.0,1.0,23.0,71,18,1,15.50,1.0,17,11,10,1351,28,28,3,0,0.13,3,0,0,1,0,2,4.149,0.0680,5.52,116,9.24,0,0,0,0,0,0,0,0,0,0,0,0,0,0,0,0,0,0
2025,1,17_Alpine,FRA,Pierre Gasly,Pierre,Gasly,Alpine,#0093CC,#FAEF00,Франция,Renault,#004CA2,23.0,25,46,-49,11,73,24,98,97.0,1.0,24.0,20,10,-2,13.04,1.0,18,13,17,20,20,20,0,0,0.00,0,0,0,0,0,0,4.948,0.0808,5.86,123,10.27,0,0,0,0,0,0,0,0,0,0,0,0,0,0,17,17,17,0
2025,1,34_Kick_Sauber,BRA,Gabriel Bortoleto,Gabriel,Bortoleto,Kick Sauber,#52E252,#DC0004,Бразилия,Ferrari,#FFCE00,23.0,34,37,-21,11,44,23,19,67.0,1.0,30.0,68,5,-8,14.65,1.0,19,19,34,479,19,19,0,0,0.00,0,0,0,0,0,0,4.090,0.0682,6.15,123,10.53,0,0,0,0,0,0,0,0,0,0,0,0,0,0,11,11,11,0
2025,1,31_Alpine,ARG,Franco Colapinto,Franco,Colapinto,Alpine,#0093CC,#FAEF00,Аргентина,Renault,#68A6DB,17.0,14,41,-40,9,48,8,0,56.0,1.0,22.0,20,43,-4,16.00,1.0,20,13,31,20,0,0,1,0,0.06,1,0,0,0,1,0,7.118,0.1129,7.12,114,11.53,0,0,0,0,0,0,0,0,0,0,0,0,0,0,5,5,5,0
2025,1,32_Alpine,AUS,Jack Doohan,Jack,Doohan,Alpine,#0093CC,#FAEF00,Австралия,Renault,#F7C900,6.0,18,100,-14,2,18,4,363,22.0,1.0,2.0,20,7,2,15.50,1.0,21,0,32,20,0,0,0,0,0.00,0,0,0,0,0,0,3.749,0.0689,5.50,22,10.23,0,0,0,0,0,0,0,0,0,0,0,0,0,0,1,1,1,0
2021,0,2_Red_Bull_Racing,NLD,Max Verstappen,Max,Verstappen,Red Bull Racing,#1E5BC6,#DE0000,Нидерланды,Honda,#F75600,3.0,100,50,1,2,0,1,7,1.0,0.0,4.0,7,33,0,2.00,0.0,1,2,2,7,7,7,2,1,0.67,3,1,2,0,0,0,0.514,0.0254,2.33,7,11.86,0,0,0,0,1,3,2,0,0,0,0,0,0,0,0,0,0,17
2021,0,1_Mercedes,GBR,Lewis Hamilton,Lewis,Hamilton,Mercedes,#00D2BE,#707070,Великобритания,Mercedes,#314486,3.0,100,50,10,4,0,10,2,10.0,0.0,8.0,9,44,0,7.67,0.0,2,4,1,10,2,2,1,1,0.33,2,0,0,0,1,1,2.688,0.1120,1.33,4,6.78,0,0,0,0,0,1,1,0,0,0,0,0,0,0,0,0,0,0
2021,0,3_Mercedes,FIN,Valtteri Bottas,Valtteri,Bottas,Mercedes,#00D2BE,#707070,Финляндия,Mercedes,#04276B,3.0,0,100,0,1,0,0,7,0.0,0.0,1.0,9,77,1,2.00,0.0,3,0,3,10,7,7,3,1,1.00,5,2,1,2,0,0,0.478,0.0236,1.67,5,8.47,0,0,0,0,2,3,0,1,0,0,0,0,0,0,0,0,0,42
2021,0,5_Red_Bull_Racing,MEX,Sergio Perez,Sergio,Perez,Red Bull Racing,#1E5BC6,#DE0000,Мексика,Honda,#006640,3.0,14,0,-10,0,12,2,0,14.0,0.0,5.0,7,11,-5,5.67,0.0,4,5,5,7,0,0,0,0,0.00,0,0,0,0,0,0,6.646,0.3965,2.00,6,10.34,0,0,0,0,0,0,0,0,0,0,0,0,0,0,0,0,0,0
2021,0,8_Ferrari,ESP,Carlos Sainz,Carlos,Sainz,Ferrari,#CC1400,#DC0004,Испания,Ferrari,#F7B800,3.0,88,23,6,3,1,7,1,8.0,0.0,13.0,1,55,-7,7.00,0.0,5,10,8,1,1,1,1,0,0.33,1,0,0,0,0,1,1.256,0.0571,1.67,5,8.47,0,0,0,0,0,1,0,1,0,0,0,0,0,0,0,0,0,0
2021,0,4_McLaren,GBR,Lando Norris,Lando,Norris,McLaren,#FF9800,#707070,Великобритания,Mercedes,#314486,3.0,100,60,2,3,0,2,2,2.0,0.0,5.0,1,4,1,5.67,0.0,6,2,4,10,0,0,0,0,0.00,0,0,0,0,0,0,0.858,0.0439,2.00,6,10.17,0,0,0,0,0,0,0,0,0,0,0,0,0,0,0,0,0,0
2021,0,6_Ferrari,MON,Charles Leclerc,Charles,Leclerc,Ferrari,#CC1400,#DC0004,Монако,Ferrari,#D80000,3.0,0,100,-2,2,2,0,0,2.0,0.0,2.0,1,16,2,6.00,0.0,7,0,6,1,0,0,0,0,0.00,0,0,0,0,0,0,1.593,0.0719,3.00,9,15.25,0,0,0,0,0,0,0,0,0,0,0,0,0,0,0,0,0,0
2021,0,7_McLaren,AUS,Daniel Ricciardo,Daniel,Ricciardo,McLaren,#FF9800,#707070,Австралия,Mercedes,#F7C900,3.0,67,40,1,2,1,2,1,3.0,0.0,5.0,1,3,-1,6.67,0.0,8,3,7,10,1,1,1,0,0.33,1,0,0,0,1,0,1.136,0.0557,2.00,6,10.17,0,0,0,0,0,1,0,1,0,0,0,0,0,0,0,0,0,0
2021,0,17_Alpha_Tauri,FRA,Pierre Gasly,Pierre,Gasly,Alpha Tauri,#2B4562,Alpha Tauri,Франция,Alpha Tauri,#004CA2,3.0,33,20,-1,1,2,1,0,3.0,0.0,5.0,0,10,-3,7.33,0.0,9,4,17,0,0,0,0,0,0.00,0,0,0,0,0,0,0.720,0.0368,1.50,3,7.32,0,0,0,0,0,0,0,0,0,0,0,0,0,0,0,0,0,0
2021,0,19_Alpine,ESP,Fernando Alonso,Fernando,Alonso,Alpine,#0090FF,#FAEF00,Испания,Renault,#F7B800,3.0,20,75,-3,6,4,1,1,5.0,0.0,8.0,0,14,4,11.00,0.0,10,2,19,0,0,0,1,0,0.33,1,0,0,0,1,0,1.138,0.0534,1.67,5,8.47,0,0,0,0,0,0,0,0,0,0,0,0,0,0,0,0,0,0
2021,0,13_Alpine,FRA,Esteban Ocon,Esteban,Ocon,Alpine,#0090FF,#FAEF00,Франция,Renault,#004CA2,3.0,50,100,0,4,1,1,0,2.0,0.0,4.0,0,31,4,12.33,0.0,11,0,13,0,0,0,0,0,0.00,0,0,0,0,0,0,0.769,0.0385,2.33,7,11.86,0,0,0,0,0,0,0,0,0,0,0,0,0,0,0,0,0,0
2021,0,15_Aston_Martin,GER,Sebastian Vettel,Sebastian,Vettel,Aston Martin,#006F62,#707070,Германия,Mercedes,#000000,3.0,50,67,0,4,1,1,0,2.0,0.0,6.0,0,5,2,10.67,0.0,12,2,15,10,0,0,0,0,0.00,0,0,0,0,0,0,0.864,0.0457,2.00,6,10.17,0,0,0,0,0,0,0,0,0,0,0,0,0,0,0,0,0,0
2021,0,10_Aston_Martin,CAN,Lance Stroll,Lance,Stroll,Aston Martin,#006F62,#707070,Канада,Mercedes,#E30000,3.0,33,80,-1,4,2,1,0,3.0,0.0,5.0,0,18,3,14.00,0.0,13,1,10,10,0,0,0,0,0.00,0,0,0,0,0,0,1.356,0.0694,2.33,7,11.86,0,0,0,0,0,0,0,0,0,0,0,0,0,0,0,0,0,0
2021,0,9_Alpha_Tauri,JPN,Yuki Tsunoda,Yuki,Tsunoda,Alpha Tauri,#2B4562,Alpha Tauri,Япония,Alpha Tauri,#C60018,3.0,71,20,3,1,2,5,0,7.0,0.0,5.0,0,22,-3,15.00,0.0,14,4,9,0,0,0,1,0,0.33,1,0,0,0,0,1,0.935,0.0492,1.67,5,8.47,0,0,0,0,0,0,0,0,0,0,0,0,0,0,0,0,0,0
2021,0,14_Williams,GBR,George Russell,George,Russell,Williams,#005AFF,#707070,Великобритания,Mercedes,#314486,3.0,100,0,3,0,0,3,2,3.0,0.0,6.0,0,63,-6,13.33,0.0,15,6,14,10,0,0,0,0,0.00,0,0,0,0,0,0,0.437,0.0214,1.33,4,6.78,0,0,0,0,0,0,0,0,0,0,0,0,0,0,0,0,0,0
2021,0,11_Alfa_Romeo_Racing,FIN,Kimi Räikkönen,Kimi,Räikkönen,Alfa Romeo Racing,#900000,#DC0004,Финляндия,Ferrari,#04276B,2.0,27,83,-5,5,8,3,7,11.0,0.0,6.0,0,7,4,15.00,0.0,16,1,11,1,0,0,0,0,0.00,0,0,0,0,0,0,1.340,0.0666,2.50,5,12.20,0,0,0,0,0,0,0,0,0,0,0,0,0,0,0,0,0,0
2021,0,18_Williams,CAN,Nicholas Latifi,Nicholas,Latifi,Williams,#005AFF,#707070,Канада,Mercedes,#E30000,3.0,50,75,0,3,1,1,0,2.0,0.0,4.0,0,6,2,16.67,0.0,17,1,18,10,0,0,1,0,0.33,1,0,0,1,0,0,1.050,0.0597,2.00,6,10.17,0,0,0,0,0,0,0,0,0,0,0,0,0,0,0,0,0,0
2021,0,12_Alfa_Romeo_Racing,ITA,Antonio Giovinazzi,Antonio,Giovinazzi,Alfa Romeo Racing,#900000,#DC0004,Италия,Ferrari,#009645,3.0,40,67,-1,4,3,2,0,5.0,0.0,6.0,0,99,2,12.67,0.0,18,2,12,1,0,0,0,0,0.00,0,0,0,0,0,0,0.461,0.0236,1.00,3,5.08,0,0,0,0,0,0,0,0,0,0,0,0,0,0,0,0,0,0
2021,0,16_Haas_F1_Team,GER,Mick Schumacher,Mick,Schumacher,Haas F1 Team,#505050,#DC0004,Германия,Ferrari,#000000,3.0,33,50,-2,1,4,2,0,6.0,0.0,2.0,0,47,0,18.33,0.0,19,1,16,1,0,0,0,0,0.00,0,0,0,0,0,0,1.398,0.0701,3.00,9,15.25,0,0,0,0,0,0,0,0,0,0,0,0,0,0,0,0,0,0
2021,0,20_Haas_F1_Team,RUS,Nikita Mazepin,Nikita,Mazepin,Haas F1 Team,#505050,#DC0004,Россия,Ferrari,#1922A4,3.0,25,67,-2,2,3,1,0,4.0,0.0,3.0,0,9,1,19.67,0.0,20,1,20,1,0,0,0,0,0.00,0,0,0,0,0,0,2.268,0.1117,3.00,9,15.25,0,0,0,0,0,0,0,0,0,0,0,0,0,0,0,0,0,0
2021,0,21_Alfa_Romeo_Racing,POL,Robert Kubica,Robert,Kubica,Alfa Romeo Racing,#900000,#DC0004,Польша,Ferrari,#E70028,1.0,100,0,1,0,0,1,0,1.0,0.0,1.0,0,88,-1,19.00,0.0,21,1,21,1,0,0,0,0,0.00,0,0,0,0,0,0,0.368,0.0204,2.00,2,11.11,0,0,0,0,0,0,0,0,0,0,0,0,0,0,0,0,0,0
2022,0,2_Red_Bull_Racing,NLD,Max Verstappen,Max,Verstappen,Red Bull Racing,#1E5BC6,#DE0000,Нидерланды,Honda,#F75600,3.0,40,0,-1,0,3,2,21,5.0,0.0,1.0,35,1,-1,1.33,0.0,1,1,2,35,21,21,1,1,0.33,3,1,1,1,0,0,1.217,0.0530,1.67,5,7.35,0,0,0,0,2,2,0,0,0,0,0,0,0,0,0,0,0,37
2022,0,6_Ferrari,MON,Charles Leclerc,Charles,Leclerc,Ferrari,#CC1400,#DC0004,Монако,Ferrari,#D80000,3.0,75,100,2,1,1,3,17,4.0,0.0,1.0,35,16,1,4.67,0.0,2,0,6,41,17,17,2,0,0.67,2,0,1,1,0,0,1.144,0.0509,2.67,8,11.76,0,0,0,0,0,2,2,0,0,0,0,0,0,0,0,0,0,19
2022,0,5_Red_Bull_Racing,MEX,Sergio Perez,Sergio,Perez,Red Bull Racing,#1E5BC6,#DE0000,Мексика,Honda,#006640,3.0,100,100,8,6,0,8,14,8.0,0.0,6.0,35,11,6,9.33,0.0,3,0,5,35,14,14,2,1,0.67,3,1,0,0,2,0,1.158,0.0514,3.67,11,16.18,0,0,0,0,0,1,0,1,0,0,0,0,0,0,0,0,0,0
2022,0,14_Mercedes,GBR,George Russell,George,Russell,Mercedes,#00D2BE,#707070,Великобритания,Mercedes,#314486,3.0,100,0,3,0,0,3,26,3.0,0.0,1.0,20,63,-1,6.00,0.0,4,1,14,29,13,13,2,0,0.67,2,0,1,1,0,0,0.888,0.0392,2.33,7,10.29,0,0,0,0,1,1,0,0,0,0,0,0,0,0,0,0,0,10
2022,0,8_Ferrari,ESP,Carlos Sainz,Carlos,Sainz,Ferrari,#CC1400,#DC0004,Испания,Ferrari,#F7B800,3.0,100,100,7,2,0,7,18,7.0,0.0,2.0,35,55,2,6.00,0.0,5,0,8,41,18,18,2,0,0.67,2,1,0,0,0,1,1.917,0.0876,4.00,12,17.65,0,0,0,0,0,2,1,1,0,0,0,0,0,0,0,0,0,0
2022,0,1_Mercedes,GBR,Lewis Hamilton,Lewis,Hamilton,Mercedes,#00D2BE,#707070,Великобритания,Mercedes,#314486,3.0,100,0,8,0,0,8,26,8.0,0.0,5.0,20,44,-5,9.67,0.0,6,5,1,29,7,7,1,0,0.33,1,0,0,0,0,1,1.317,0.0585,2.00,6,8.82,0,0,0,0,0,1,0,1,0,0,0,0,0,0,0,0,0,0
2022,0,4_McLaren,GBR,Lando Norris,Lando,Norris,McLaren,#F58020,#707070,Великобритания,Mercedes,#314486,3.0,25,100,-4,2,6,2,26,8.0,0.0,2.0,9,4,2,7.00,0.0,7,0,4,29,6,6,0,0,0.00,0,0,0,0,0,0,1.687,0.0742,3.00,9,13.24,0,0,0,0,0,0,0,0,0,0,0,0,0,0,0,0,0,0
2022,0,13_Alpine,FRA,Esteban Ocon,Esteban,Ocon,Alpine,#2293D1,#FAEF00,Франция,Renault,#004CA2,3.0,0,50,-13,1,13,0,3,13.0,0.0,2.0,3,31,0,9.67,0.0,8,1,13,3,3,3,0,0,0.00,0,0,0,0,0,0,2.226,0.0940,2.00,6,8.82,0,0,0,0,0,0,0,0,0,0,0,0,0,0,0,0,0,0
2022,0,19_Alpine,ESP,Fernando Alonso,Fernando,Alonso,Alpine,#2293D1,#FAEF00,Испания,Renault,#F7B800,3.0,50,33,0,1,2,2,18,4.0,0.0,3.0,3,14,-1,6.00,0.0,9,2,19,3,0,0,0,0,0.00,0,0,0,0,0,0,1.540,0.0698,2.50,5,11.11,0,0,0,0,0,0,0,0,0,0,0,0,0,0,0,0,0,0
2022,0,3_Alfa_Romeo,FIN,Valtteri Bottas,Valtteri,Bottas,Alfa Romeo,#B12039,#DC0004,Финляндия,Ferrari,#04276B,3.0,86,38,5,3,1,6,2,7.0,0.0,8.0,2,77,-2,12.33,0.0,10,5,3,41,2,2,0,0,0.00,0,0,0,0,0,0,1.680,0.0725,3.33,10,14.71,0,0,0,0,0,0,0,0,0,0,0,0,0,0,0,0,0,0
2022,0,7_McLaren,AUS,Daniel Ricciardo,Daniel,Ricciardo,McLaren,#F58020,#707070,Австралия,Mercedes,#F7C900,3.0,80,67,3,4,1,4,3,5.0,0.0,6.0,9,3,2,11.67,0.0,11,2,7,29,3,3,0,0,0.00,0,0,0,0,0,0,0.897,0.0391,2.00,6,8.82,0,0,0,0,0,0,0,0,0,0,0,0,0,0,0,0,0,0
2022,0,15_Aston_Martin,GER,Sebastian Vettel,Sebastian,Vettel,Aston Martin,#2D826D,#707070,Германия,Mercedes,#000000,3.0,25,75,-6,6,9,3,0,12.0,0.0,8.0,0,5,4,13.67,0.0,12,2,15,29,0,0,0,0,0.00,0,0,0,0,0,0,11.541,0.5467,2.67,8,12.12,0,0,0,0,0,0,0,0,0,0,0,0,0,0,0,0,0,0
2022,0,22_Haas_F1_Team,DEN,Kevin Magnussen,Kevin,Magnussen,Haas F1 Team,#505050,#DC0004,Дания,Ferrari,#D20019,3.0,0,0,-12,0,12,0,4,12.0,0.0,0.0,4,20,0,3.67,0.0,13,0,22,41,4,4,0,0,0.00,0,0,0,0,0,0,2.296,0.1014,3.00,9,13.24,0,0,0,0,0,0,0,0,0,0,0,0,0,0,0,0,0,2
2022,0,17_Alpha_Tauri,FRA,Pierre Gasly,Pierre,Gasly,Alpha Tauri,#4E7C9B,Alpha Tauri,Франция,Alpha Tauri,#004CA2,3.0,75,10,4,1,2,6,3,8.0,0.0,10.0,0,10,-8,12.33,0.0,14,9,17,0,0,0,0,0,0.00,0,0,0,0,0,0,2.365,0.1006,3.00,9,13.24,0,0,0,0,0,0,0,0,0,0,0,0,0,0,0,0,0,0
2022,0,10_Aston_Martin,CAN,Lance Stroll,Lance,Stroll,Aston Martin,#2D826D,#707070,Канада,Mercedes,#E30000,3.0,40,75,-1,6,3,2,0,5.0,0.0,8.0,0,18,4,15.00,0.0,15,2,10,29,0,0,0,0,0.00,0,0,0,0,0,0,1.044,0.0469,2.67,8,11.76,0,0,0,0,0,0,0,0,0,0,0,0,0,0,0,0,0,0
2022,0,16_Haas_F1_Team,GER,Mick Schumacher,Mick,Schumacher,Haas F1 Team,#505050,#DC0004,Германия,Ferrari,#000000,3.0,60,100,1,5,2,3,0,5.0,0.0,5.0,4,47,5,13.00,0.0,16,0,16,41,0,0,1,0,0.33,1,0,0,0,1,0,1.694,0.0740,3.00,9,13.24,0,0,0,0,0,0,0,0,0,0,0,0,0,0,0,0,0,0
2022,0,9_Alpha_Tauri,JPN,Yuki Tsunoda,Yuki,Tsunoda,Alpha Tauri,#4E7C9B,Alpha Tauri,Япония,Alpha Tauri,#C60018,3.0,50,50,0,5,5,5,0,10.0,0.0,10.0,0,22,0,15.67,0.0,17,5,9,0,0,0,0,0,0.00,0,0,0,0,0,0,1.191,0.0523,1.67,5,7.35,0,0,0,0,0,0,0,0,0,0,0,0,0,0,0,0,0,0
2022,0,23_Alfa_Romeo,CHN,Guanyu Zhou,Guanyu,Zhou,Alfa Romeo,#B12039,#DC0004,Китай,Ferrari,#F70000,3.0,100,0,7,0,0,7,0,7.0,0.0,2.0,2,24,-2,18.00,0.0,18,2,23,41,0,0,1,0,0.33,1,0,0,0,0,1,3.597,0.1529,5.00,10,21.28,0,0,0,0,0,0,0,0,0,0,0,0,0,0,0,0,0,0
2022,0,24_Williams,THA,Alexander Albon,Alexander,Albon,Williams,#37BEDD,#707070,Таиланд,Mercedes,#2E2549,3.0,0,25,-4,2,5,0,0,5.0,0.0,8.0,0,23,-4,13.33,0.0,19,6,24,29,0,0,0,0,0.00,0,0,0,0,0,0,1.736,0.0921,2.67,8,14.29,0,0,0,0,0,0,0,0,0,0,0,0,0,0,0,0,0,0
2022,0,18_Williams,CAN,Nicholas Latifi,Nicholas,Latifi,Williams,#37BEDD,#707070,Канада,Mercedes,#E30000,3.0,20,25,-6,1,8,2,0,10.0,0.0,4.0,0,6,-2,17.00,0.0,20,3,18,29,0,0,0,0,0.00,0,0,0,0,0,0,1.126,0.0497,1.67,5,7.35,0,0,0,0,0,0,0,0,0,0,0,0,0,0,0,0,0,0
2023,0,2_Red_Bull_Racing,NLD,Max Verstappen,Max,Verstappen,Red Bull Racing,#3671C6,#DE0000,Нидерланды,Honda,#F75600,6.0,100,33,3,2,0,3,45,3.0,1.0,6.0,70,1,-2,1.83,1.0,1,4,2,70,45,45,5,4,0.83,11,4,4,2,1,0,0.460,0.0212,0.67,4,3.51,0,0,0,0,4,6,1,1,0,0,0,3,1,2,5,0,0,74
2023,0,5_Red_Bull_Racing,MEX,Sergio Perez,Sergio,Perez,Red Bull Racing,#3671C6,#DE0000,Мексика,Honda,#006640,6.0,37,0,-5,0,12,7,25,19.0,1.0,5.0,70,11,-5,5.00,1.0,2,5,5,70,25,25,3,0,0.50,3,0,1,1,0,1,0.650,0.0292,1.17,7,6.86,0,0,0,0,1,3,1,1,0,0,0,0,2,1,1,0,0,10
2023,0,1_Mercedes,GBR,Lewis Hamilton,Lewis,Hamilton,Mercedes,#6CD3BF,#707070,Великобритания,Mercedes,#314486,6.0,70,100,4,7,3,7,56,10.0,1.0,7.0,35,44,7,8.50,1.0,3,0,1,87,17,17,1,0,0.17,1,0,0,0,1,0,1.255,0.0692,1.33,8,7.02,0,0,0,0,0,1,1,0,0,0,0,0,0,1,2,0,0,0
2023,0,19_Aston_Martin,ESP,Fernando Alonso,Fernando,Alonso,Aston Martin,#358C75,#707070,Испания,Mercedes,#F7B800,6.0,75,56,4,5,2,6,30,8.0,1.0,9.0,14,14,1,10.83,1.0,4,4,19,87,8,8,0,0,0.00,0,0,0,0,0,0,1.444,0.0674,2.40,12,11.43,0,0,0,0,0,0,0,0,0,0,0,0,0,0,6,0,0,0
2023,0,6_Ferrari,MON,Charles Leclerc,Charles,Leclerc,Ferrari,#CC1400,#DC0004,Монако,Ferrari,#D80000,6.0,45,67,-1,4,6,5,21,11.0,1.0,6.0,43,16,2,4.83,1.0,5,2,6,46,21,21,1,0,0.17,1,1,0,0,0,0,0.826,0.0435,1.33,8,7.02,0,0,0,0,0,2,1,1,0,0,0,1,1,0,3,0,0,7
2023,0,4_McLaren,GBR,Lando Norris,Lando,Norris,McLaren,#F58020,#707070,Великобритания,Mercedes,#314486,6.0,78,7,5,1,2,7,56,9.0,1.0,15.0,36,4,-13,4.17,1.0,6,14,4,87,21,21,1,0,0.17,1,0,0,0,0,1,0.873,0.0477,1.33,8,7.02,0,0,0,0,0,2,1,1,0,0,0,1,1,1,4,0,0,0
2023,0,8_Ferrari,ESP,Carlos Sainz,Carlos,Sainz,Ferrari,#CC1400,#DC0004,Испания,Ferrari,#F7B800,6.0,33,100,-2,6,4,2,30,6.0,1.0,6.0,43,55,6,5.50,1.0,7,0,8,46,22,22,0,0,0.00,0,0,0,0,0,0,0.937,0.0442,1.50,9,7.89,0,0,0,0,0,1,0,1,0,0,0,0,0,1,3,0,0,0
2023,0,14_Mercedes,GBR,George Russell,George,Russell,Mercedes,#6CD3BF,#707070,Великобритания,Mercedes,#314486,6.0,69,100,5,11,4,9,56,13.0,1.0,11.0,35,63,11,8.00,1.0,8,0,14,87,18,18,5,1,0.83,7,1,1,1,3,1,1.527,0.0807,1.17,7,6.14,0,0,0,0,0,0,0,0,0,0,0,0,0,0,4,0,0,8
2023,0,28_McLaren,AUS,Oscar Piastri,Oscar,Piastri,McLaren,#F58020,#707070,Австралия,Mercedes,#F7C900,6.0,57,33,2,1,6,8,15,14.0,1.0,3.0,36,81,-1,7.67,1.0,9,2,28,87,15,15,1,0,0.17,1,0,0,0,0,1,0.560,0.0252,0.83,5,4.39,0,0,0,0,1,2,1,0,0,0,0,1,1,0,2,0,0,15
2023,0,10_Aston_Martin,CAN,Lance Stroll,Lance,Stroll,Aston Martin,#358C75,#707070,Канада,Mercedes,#E30000,6.0,78,83,5,5,2,7,6,9.0,1.0,6.0,14,18,4,12.83,1.0,10,1,10,87,6,6,1,0,0.17,1,0,0,0,0,1,1.144,0.0628,1.17,7,6.31,0,0,0,0,0,0,0,0,0,0,0,0,0,0,0,0,0,0
2023,0,17_Alpine,FRA,Pierre Gasly,Pierre,Gasly,Alpine,#2293D1,#FAEF00,Франция,Renault,#004CA2,6.0,27,43,-7,3,11,4,10,15.0,1.0,7.0,10,10,-1,11.33,1.0,11,4,17,10,8,8,1,0,0.17,1,0,0,1,0,0,1.365,0.0677,1.33,8,7.02,0,0,0,0,0,1,0,1,0,0,0,0,0,0,3,0,0,0
2023,0,13_Alpine,FRA,Esteban Ocon,Esteban,Ocon,Alpine,#2293D1,#FAEF00,Франция,Renault,#004CA2,6.0,57,86,1,6,3,4,10,7.0,1.0,7.0,10,31,5,12.50,1.0,12,1,13,10,2,2,0,0,0.00,0,0,0,0,0,0,0.805,0.0413,1.00,6,5.71,0,0,0,0,0,0,0,0,0,0,0,0,0,0,3,0,0,0
2023,0,24_Williams,THA,Alexander Albon,Alexander,Albon,Williams,#37BEDD,#707070,Таиланд,Mercedes,#2E2549,6.0,67,56,5,5,5,10,2,15.0,1.0,9.0,2,23,1,12.33,1.0,13,4,24,87,2,2,0,0,0.00,0,0,0,0,0,0,1.108,0.0567,0.50,3,2.63,0,0,0,0,0,0,0,0,0,0,0,0,0,0,5,0,0,0
2023,0,9_Alpha_Tauri,JPN,Yuki Tsunoda,Yuki,Tsunoda,Alpha Tauri,#5E8FAA,Alpha Tauri,Япония,Alpha Tauri,#C60018,6.0,83,38,4,3,1,5,3,6.0,1.0,8.0,3,22,-2,14.67,1.0,14,5,9,3,3,3,0,0,0.00,0,0,0,0,0,0,0.909,0.0423,1.00,5,5.05,0,0,0,0,0,0,0,0,0,0,0,0,0,0,3,0,0,0
2023,0,3_Alfa_Romeo,FIN,Valtteri Bottas,Valtteri,Bottas,Alfa Romeo,#C92D4B,#DC0004,Финляндия,Ferrari,#04276B,6.0,11,20,-14,1,16,2,0,18.0,1.0,5.0,0,77,-3,16.17,1.0,15,4,3,46,0,0,0,0,0.00,0,0,0,0,0,0,2.211,0.1084,1.67,10,8.77,0,0,0,0,0,0,0,0,0,0,0,0,0,0,3,0,0,0
2023,0,25_Haas_F1_Team,GER,Nico Hulkenberg,Nico,Hulkenberg,Haas F1 Team,#505050,#DC0004,Германия,Ferrari,#000000,6.0,24,43,-11,3,16,5,3,21.0,1.0,7.0,3,27,-1,11.83,1.0,16,4,25,46,3,3,0,0,0.00,0,0,0,0,0,0,2.804,0.1556,1.83,11,10.38,0,0,0,0,0,0,0,0,0,0,0,0,0,0,4,0,0,0
2023,0,7_Alpha_Tauri,AUS,Daniel Ricciardo,Daniel,Ricciardo,Alpha Tauri,#5E8FAA,Alpha Tauri,Австралия,Alpha Tauri,#F7C900,3.0,50,0,0,0,3,3,15,6.0,0.0,3.0,3,3,-3,9.67,0.0,17,3,7,3,0,0,0,0,0.00,0,0,0,0,0,0,1.679,0.0733,1.33,4,7.41,0,0,0,0,0,0,0,0,0,0,0,0,0,0,2,0,0,0
2023,0,23_Alfa_Romeo,CHN,Guanyu Zhou,Guanyu,Zhou,Alfa Romeo,#C92D4B,#DC0004,Китай,Ferrari,#F70000,6.0,86,0,5,0,1,6,0,7.0,1.0,9.0,0,24,-9,16.17,1.0,18,9,23,46,0,0,1,0,0.17,1,0,0,0,0,1,1.749,0.1017,1.33,8,7.02,0,0,0,0,0,0,0,0,0,0,0,0,0,0,3,0,0,0
2023,0,22_Haas_F1_Team,DEN,Kevin Magnussen,Kevin,Magnussen,Haas F1 Team,#505050,#DC0004,Дания,Ferrari,#D20019,6.0,24,75,-9,6,13,4,0,17.0,1.0,8.0,3,20,4,14.67,1.0,19,2,22,46,0,0,1,1,0.17,2,0,0,1,1,0,1.144,0.0569,1.33,8,7.02,0,0,0,0,0,0,0,0,0,0,0,0,0,0,1,0,0,0
2023,0,29_Alpha_Tauri,NZL,Liam Lawson,Liam,Lawson,Alpha Tauri,#5E8FAA,Alpha Tauri,Новая Зеландия,Alpha Tauri,#0D1168,1.0,0,0,0,0,0,0,0,0.0,0.0,0.0,3,40,0,14.00,0.0,20,0,29,3,0,0,0,0,0.00,0,0,0,0,0,0,-,nan,nan,0,-,0,0,0,0,0,0,0,0,0,0,0,0,0,0,1,0,0,0
2023,0,27_Williams,USA,Logan Sargeant,Logan,Sargeant,Williams,#37BEDD,#707070,США,Mercedes,#071C63,6.0,100,100,5,1,0,5,0,5.0,1.0,1.0,2,2,1,18.40,1.0,21,0,27,87,0,0,0,0,0.00,0,0,0,0,0,0,3.236,0.1393,1.75,7,8.75,0,0,0,0,0,0,0,0,0,0,0,0,0,0,0,0,0,0
2023,0,26_Alpha_Tauri,NLD,Nyck De Vries,Nyck,De Vries,Alpha Tauri,#5E8FAA,Alpha Tauri,Нидерланды,Alpha Tauri,#F75600,2.0,60,0,1,0,2,3,45,5.0,0.0,2.0,3,21,-2,16.00,0.0,22,2,26,3,0,0,0,0,0.00,0,0,0,0,0,0,0.689,0.0287,0.50,1,2.44,0,0,0,0,0,0,0,0,0,0,0,0,0,0,0,0,0,0
2024,0,2_Red_Bull_Racing,NLD,Max Verstappen,Max,Verstappen,Red Bull Racing,#3671C6,#DE0000,Нидерланды,Honda,#F75600,6.0,100,25,4,1,0,4,38,4.0,1.0,4.0,52,1,-2,2.83,1.0,1,3,2,58,38,38,5,2,0.83,8,1,5,1,1,0,1.034,0.0497,2.17,13,10.57,0,0,0,0,4,4,0,0,0,0,0,3,0,0,6,0,0,72
2024,0,4_McLaren,GBR,Lando Norris,Lando,Norris,McLaren,#FF8000,#707070,Великобритания,Mercedes,#314486,6.0,50,25,0,2,1,1,65,2.0,1.0,8.0,57,4,-4,3.17,1.0,2,6,4,92,30,30,2,0,0.33,2,1,0,0,1,0,1.337,0.0669,2.00,10,9.62,0,0,0,0,1,4,1,2,0,0,0,2,2,0,4,0,0,21
2024,0,6_Ferrari,MON,Charles Leclerc,Charles,Leclerc,Ferrari,#CC1400,#DC0004,Монако,Ferrari,#D80000,6.0,60,67,1,4,2,3,29,5.0,1.0,6.0,57,16,2,5.00,1.0,3,2,6,64,29,29,2,0,0.33,2,0,0,0,1,1,1.674,0.0802,1.83,11,8.94,0,0,0,0,0,2,1,1,0,0,0,0,1,2,3,0,0,0
2024,0,28_McLaren,AUS,Oscar Piastri,Oscar,Piastri,McLaren,#FF8000,#707070,Австралия,Mercedes,#F7C900,6.0,83,100,4,3,1,5,32,6.0,1.0,3.0,57,81,3,6.17,1.0,4,0,28,92,27,27,4,0,0.67,4,2,0,1,0,1,0.981,0.0483,1.67,10,8.13,0,0,0,0,1,3,2,0,0,0,0,1,0,2,2,0,0,22
2024,0,8_Ferrari,ESP,Carlos Sainz,Carlos,Sainz,Ferrari,#CC1400,#DC0004,Испания,Ferrari,#F7B800,6.0,40,100,-1,2,3,2,28,5.0,1.0,2.0,57,55,2,4.83,1.0,5,0,8,64,28,28,1,0,0.17,1,0,1,0,0,0,1.779,0.0854,2.33,14,11.38,0,0,0,0,0,1,1,0,0,0,0,0,0,0,3,0,0,0
2024,0,14_Mercedes,GBR,George Russell,George,Russell,Mercedes,#27F4D2,#707070,Великобритания,Mercedes,#314486,6.0,67,0,2,0,2,4,65,6.0,1.0,4.0,35,63,-4,6.00,1.0,6,4,14,92,19,19,1,0,0.17,1,0,0,0,0,1,1.074,0.0530,2.00,12,9.76,0,0,0,0,0,1,0,1,0,0,0,0,2,0,5,0,0,0
2024,0,1_Mercedes,GBR,Lewis Hamilton,Lewis,Hamilton,Mercedes,#27F4D2,#707070,Великобритания,Mercedes,#314486,6.0,50,57,0,4,3,3,65,6.0,1.0,7.0,35,44,1,7.50,1.0,7,3,1,92,16,16,0,0,0.00,0,0,0,0,0,0,1.224,0.0622,1.50,9,7.32,0,0,0,0,0,1,1,0,0,0,0,0,1,0,1,0,0,8
2024,0,5_Red_Bull_Racing,MEX,Sergio Perez,Sergio,Perez,Red Bull Racing,#3671C6,#DE0000,Мексика,Honda,#006640,6.0,100,75,8,3,0,8,14,8.0,1.0,4.0,52,11,2,10.00,1.0,8,1,5,58,14,14,3,1,0.50,4,2,0,1,0,1,0.888,0.0439,1.67,10,8.13,0,0,0,0,0,2,0,2,0,0,0,0,0,1,0,0,0,0
2024,0,19_Aston_Martin,ESP,Fernando Alonso,Fernando,Alonso,Aston Martin,#229971,#707070,Испания,Mercedes,#F7B800,6.0,20,40,-6,2,8,2,28,10.0,1.0,5.0,0,14,-1,11.33,1.0,9,3,19,92,0,0,0,0,0.00,0,0,0,0,0,0,2.264,0.1074,2.17,13,10.74,0,0,0,0,0,0,0,0,0,0,0,0,0,1,3,0,0,0
2024,0,17_Alpine,FRA,Pierre Gasly,Pierre,Gasly,Alpine,#0093CC,#FAEF00,Франция,Renault,#004CA2,6.0,33,14,-1,1,2,1,2,3.0,1.0,7.0,2,10,-5,11.33,1.0,10,6,17,2,2,2,0,0,0.00,0,0,0,0,0,0,0.745,0.0381,1.67,10,8.13,0,0,0,0,0,0,0,0,0,0,0,0,0,0,4,0,0,0
2024,0,25_Haas_F1_Team,GER,Nico Hulkenberg,Nico,Hulkenberg,Haas F1 Team,#505050,#DC0004,Германия,Ferrari,#000000,6.0,18,64,-7,7,9,2,5,11.0,1.0,11.0,7,27,3,11.17,1.0,11,4,25,64,5,5,1,0,0.17,1,0,0,0,1,0,1.273,0.0670,1.50,9,7.63,0,0,0,0,0,0,0,0,0,0,0,0,0,0,3,0,0,0
2024,0,9_RB,JPN,Yuki Tsunoda,Yuki,Tsunoda,RB,#6692FF,#DE0000,Япония,Honda,#C60018,6.0,60,60,2,3,4,6,1,10.0,1.0,5.0,6,22,1,15.00,1.0,12,2,9,58,1,1,1,0,0.17,1,0,0,0,0,1,1.387,0.0691,2.17,13,10.57,0,0,0,0,0,0,0,0,0,0,0,0,0,0,2,0,0,0
2024,0,10_Aston_Martin,CAN,Lance Stroll,Lance,Stroll,Aston Martin,#229971,#707070,Канада,Mercedes,#E30000,6.0,50,80,0,4,3,3,0,6.0,1.0,5.0,0,18,3,13.50,1.0,13,1,10,92,0,0,0,0,0.00,0,0,0,0,0,0,1.900,0.0864,2.20,11,10.48,0,0,0,0,0,0,0,0,0,0,0,0,0,0,3,0,0,0
2024,0,13_Alpine,FRA,Esteban Ocon,Esteban,Ocon,Alpine,#0093CC,#FAEF00,Франция,Renault,#004CA2,6.0,60,71,1,5,2,3,2,5.0,1.0,7.0,2,31,3,14.67,1.0,14,2,13,2,0,0,2,0,0.33,2,0,0,2,0,0,0.939,0.0494,0.50,3,2.44,0,0,0,0,0,0,0,0,0,0,0,0,0,0,2,0,0,0
2024,0,22_Haas_F1_Team,DEN,Kevin Magnussen,Kevin,Magnussen,Haas F1 Team,#505050,#DC0004,Дания,Ferrari,#D20019,5.0,33,100,-2,9,4,2,2,6.0,1.0,9.0,7,20,9,12.00,1.0,15,0,22,64,2,2,2,0,0.40,2,0,0,0,2,0,2.108,0.1082,3.60,18,18.18,0,0,0,0,0,0,0,0,0,0,0,0,0,0,2,0,0,0
2024,0,24_Williams,THA,Alexander Albon,Alexander,Albon,Williams,#64C4FF,#707070,Таиланд,Mercedes,#2E2549,6.0,90,12,8,1,1,9,0,10.0,1.0,8.0,0,23,-6,16.50,1.0,16,7,24,92,0,0,1,0,0.17,1,0,0,1,0,0,1.206,0.0599,2.00,12,9.76,0,0,0,0,0,0,0,0,0,0,0,0,0,0,3,0,0,0
2024,0,7_RB,AUS,Daniel Ricciardo,Daniel,Ricciardo,RB,#6692FF,#DE0000,Австралия,Honda,#F7C900,3.0,75,50,2,1,1,3,32,4.0,0.0,2.0,6,3,0,11.33,0.0,17,1,7,58,5,5,1,0,0.33,1,0,0,0,0,1,1.138,0.0564,2.33,7,11.48,0,0,0,0,0,0,0,0,0,0,0,0,0,0,2,0,0,0
2024,0,30_Haas_F1_Team,GBR,Oliver Bearman,Oliver,Bearman,Haas F1 Team,#505050,#DC0004,Великобритания,Ferrari,#314486,1.0,20,50,-3,1,4,1,65,5.0,0.0,2.0,7,50,0,10.00,0.0,18,1,30,64,0,0,0,0,0.00,0,0,0,0,0,0,2.732,0.1138,3.00,3,12.50,0,0,0,0,0,0,0,0,0,0,0,0,0,0,1,0,0,0
2024,0,31_Williams,ARG,Franco Colapinto,Franco,Colapinto,Williams,#64C4FF,#707070,Аргентина,Mercedes,#68A6DB,3.0,50,50,0,1,2,2,0,4.0,0.0,2.0,0,43,0,14.33,0.0,19,1,31,92,0,0,0,0,0.00,0,0,0,0,0,0,1.786,0.0886,2.33,7,11.29,0,0,0,0,0,0,0,0,0,0,0,0,0,0,1,0,0,0
2024,0,23_Kick_Sauber,CHN,Guanyu Zhou,Guanyu,Zhou,Kick Sauber,#52e252,#DC0004,Китай,Ferrari,#F70000,6.0,30,100,-4,2,7,3,0,10.0,1.0,2.0,0,24,2,16.83,1.0,20,0,23,64,0,0,0,0,0.00,0,0,0,0,0,0,1.726,0.0830,1.67,10,8.13,0,0,0,0,0,0,0,0,0,0,0,0,0,0,1,0,0,0
2024,0,29_RB,NZL,Liam Lawson,Liam,Lawson,RB,#6692FF,#DE0000,Новая Зеландия,Honda,#0D1168,3.0,25,12,-2,1,3,1,0,4.0,0.0,8.0,6,30,-6,11.00,0.0,21,7,29,58,0,0,0,0,0.00,0,0,0,0,0,0,1.521,0.0737,1.00,3,4.84,0,0,0,0,0,0,0,0,0,0,0,0,0,0,2,0,0,0
2024,0,3_Kick_Sauber,FIN,Valtteri Bottas,Valtteri,Bottas,Kick Sauber,#52e252,#DC0004,Финляндия,Ferrari,#04276B,6.0,0,33,-6,2,6,0,0,6.0,1.0,6.0,0,77,-2,15.33,1.0,22,4,3,64,0,0,0,0,0.00,0,0,0,0,0,0,1.258,0.0610,2.17,13,10.57,0,0,0,0,0,0,0,0,0,0,0,0,0,0,5,0,0,0
2024,0,27_Williams,USA,Logan Sargeant,Logan,Sargeant,Williams,#64C4FF,#707070,США,Mercedes,#071C63,3.0,50,0,0,0,1,1,0,2.0,0.0,1.0,0,2,-1,17.67,0.0,23,1,27,92,0,0,0,0,0.00,0,0,0,0,0,0,1.059,0.0502,2.67,8,13.11,0,0,0,0,0,0,0,0,0,0,0,0,0,0,2,0,0,0
2025,0,4_McLaren,GBR,Lando Norris,Lando,Norris,McLaren,#FF8000,#707070,Великобритания,Mercedes,#314486,6.0,100,20,2,1,0,2,82,2.0,1.0,5.0,58,4,-3,3.00,1.0,1,4,4,125,29,29,3,1,0.50,5,1,3,1,0,0,0.847,0.0447,1.80,9,9.57,0,0,0,0,2,4,0,2,0,0,0,1,1,3,2,0,0,30
2025,0,2_Red_Bull_Racing,NLD,Max Verstappen,Max,Verstappen,Red Bull Racing,#3671C6,#DE0000,Нидерланды,Honda,#F75600,6.0,0,100,-2,5,2,0,32,2.0,1.0,5.0,41,1,5,3.50,1.0,2,0,2,45,32,32,4,1,0.67,5,1,1,1,2,0,0.675,0.0352,1.33,8,7.08,0,0,0,0,2,3,0,1,0,0,0,1,2,0,5,0,0,34
2025,0,28_McLaren,AUS,Oscar Piastri,Oscar,Piastri,McLaren,#FF8000,#707070,Австралия,Mercedes,#F7C900,6.0,100,50,1,1,0,1,29,1.0,1.0,2.0,58,81,0,2.17,1.0,3,1,28,125,29,29,1,1,0.17,2,1,1,0,0,0,0.360,0.0217,0.60,3,4.00,0,0,0,0,1,4,3,0,0,0,0,2,1,3,4,0,0,29
2025,0,14_Mercedes,GBR,George Russell,George,Russell,Mercedes,#27F4D2,#707070,Великобритания,Mercedes,#314486,6.0,0,100,0,1,0,0,82,0.0,1.0,1.0,45,63,1,5.67,1.0,4,0,14,125,30,30,1,0,0.17,1,1,0,0,0,0,0.502,0.0274,1.50,9,7.96,0,0,0,0,0,3,2,1,0,0,0,0,1,0,4,0,0,0
2025,0,6_Ferrari,MON,Charles Leclerc,Charles,Leclerc,Ferrari,#CC1400,#DC0004,Монако,Ferrari,#D80000,6.0,40,44,-1,4,3,2,17,5.0,1.0,9.0,38,16,-1,7.00,1.0,5,5,6,44,17,17,1,0,0.17,1,0,0,0,0,1,2.207,0.1221,0.80,4,4.17,0,0,0,0,0,0,0,0,0,0,0,0,0,0,4,0,0,0
2025,0,1_Ferrari,GBR,Lewis Hamilton,Lewis,Hamilton,Ferrari,#CC1400,#DC0004,Великобритания,Ferrari,#314486,6.0,100,75,4,3,0,4,82,4.0,1.0,4.0,38,44,2,10.33,1.0,6,1,1,44,21,21,5,0,0.83,5,1,1,0,1,2,1.311,0.0685,1.50,9,7.96,0,0,0,0,1,2,0,1,0,0,0,1,0,0,2,0,0,19
2025,0,35_Mercedes,ITA,Kimi Antonelli,Kimi,Antonelli,Mercedes,#27F4D2,#707070,Италия,Mercedes,#009645,6.0,100,12,3,1,0,3,15,3.0,1.0,8.0,45,12,-6,7.83,1.0,7,7,35,125,15,15,2,0,0.33,2,0,0,1,0,1,0.421,0.0233,0.83,5,4.42,0,0,0,0,0,1,1,0,0,0,0,1,1,0,2,0,0,2
2025,0,24_Williams,THA,Alexander Albon,Alexander,Albon,Williams,#64C4FF,#707070,Таиланд,Mercedes,#2E2549,6.0,0,29,-1,2,1,0,3,1.0,1.0,7.0,13,23,-3,10.50,1.0,8,5,24,125,3,3,0,0,0.00,0,0,0,0,0,0,0.867,0.0466,1.83,11,9.73,0,0,0,0,0,0,0,0,0,0,0,0,0,0,3,0,0,0
2025,0,8_Williams,ESP,Carlos Sainz,Carlos,Sainz,Williams,#64C4FF,#707070,Испания,Mercedes,#F7B800,6.0,50,67,0,2,1,1,15,2.0,1.0,3.0,13,55,1,11.33,1.0,9,1,8,125,10,10,2,1,0.33,3,1,0,2,0,0,0.729,0.0350,1.67,10,9.35,0,0,0,0,0,1,0,1,0,0,0,0,0,0,3,0,0,0
2025,0,33_Racing_Bulls,FRA,Isack Hadjar,Isack,Hadjar,Racing Bulls,#6692FF,#DE0000,Франция,Honda,#004CA2,6.0,67,12,2,2,2,4,7,6.0,1.0,16.0,4,6,-12,10.67,1.0,10,14,33,45,1,1,0,0,0.00,0,0,0,0,0,0,0.732,0.0419,1.33,8,7.08,0,0,0,0,0,0,0,0,0,0,0,0,0,0,5,0,0,0
2025,0,25_Kick_Sauber,GER,Nico Hulkenberg,Nico,Hulkenberg,Kick Sauber,#52E252,#DC0004,Германия,Ferrari,#000000,6.0,17,11,-4,1,5,1,0,6.0,1.0,9.0,0,27,-7,12.50,1.0,11,8,25,44,0,0,0,0,0.00,0,0,0,0,0,0,2.443,0.1133,1.50,9,7.96,0,0,0,0,0,0,0,0,0,0,0,0,0,0,2,0,0,0
2025,0,19_Aston_Martin,ESP,Fernando Alonso,Fernando,Alonso,Aston Martin,#229971,#707070,Испания,Mercedes,#F7B800,6.0,0,33,-2,2,2,0,15,2.0,1.0,6.0,9,14,-2,8.17,1.0,12,4,19,125,5,5,0,0,0.00,0,0,0,0,0,0,0.819,0.0440,1.60,8,8.99,0,0,0,0,0,0,0,0,0,0,0,0,0,0,5,0,0,0
2025,0,30_Haas_F1_Team,GBR,Oliver Bearman,Oliver,Bearman,Haas F1 Team,#505050,#DC0004,Великобритания,Ferrari,#314486,6.0,67,58,2,7,2,4,82,6.0,1.0,12.0,6,87,2,13.33,1.0,13,5,30,44,2,2,1,0,0.17,1,0,0,0,0,1,1.041,0.0578,1.50,9,7.96,0,0,0,0,0,0,0,0,0,0,0,0,0,0,4,0,0,0
2025,0,29_Racing_Bulls,NZL,Liam Lawson,Liam,Lawson,Racing Bulls,#6692FF,#DE0000,Новая Зеландия,Honda,#0D1168,6.0,62,80,2,8,3,5,0,8.0,1.0,10.0,4,30,6,16.70,1.0,14,2,29,45,0,0,2,0,0.60,2,0,0,0,1,1,1.000,0.0512,1.60,8,8.46,0,0,0,0,0,0,0,0,0,0,0,0,0,0,0,0,0,0
2025,0,9_Red_Bull_Racing,JPN,Yuki Tsunoda,Yuki,Tsunoda,Red Bull Racing,#3671C6,#DE0000,Япония,Honda,#C60018,6.0,0,91,0,10,0,0,12,0.0,1.0,11.0,41,22,9,11.30,1.0,15,1,9,45,12,9,1,0,0.10,1,0,0,0,1,0,0.593,0.0317,1.70,9,8.99,0,0,0,0,0,0,0,0,0,0,0,0,0,0,2,0,0,0
2025,0,13_Haas_F1_Team,FRA,Esteban Ocon,Esteban,Ocon,Haas F1 Team,#505050,#DC0004,Франция,Ferrari,#004CA2,6.0,25,62,-2,5,3,1,7,4.0,1.0,8.0,6,31,2,14.33,1.0,16,3,13,44,4,4,1,0,0.17,1,0,0,1,0,0,0.691,0.0382,1.00,6,5.50,0,0,0,0,0,0,0,0,0,0,0,0,0,0,2,0,0,0
2025,0,10_Aston_Martin,CAN,Lance Stroll,Lance,Stroll,Aston Martin,#229971,#707070,Канада,Mercedes,#E30000,6.0,33,80,-1,8,2,1,4,3.0,1.0,10.0,9,18,6,13.00,1.0,17,2,10,125,4,4,0,0,0.00,0,0,0,0,0,0,4.343,0.2310,1.33,8,7.34,0,0,0,0,0,0,0,0,0,0,0,0,0,0,1,0,0,0
2025,0,17_Alpine,FRA,Pierre Gasly,Pierre,Gasly,Alpine,#0093CC,#FAEF00,Франция,Renault,#004CA2,6.0,50,62,0,8,4,4,7,8.0,1.0,13.0,2,10,3,13.67,1.0,18,5,17,2,2,2,1,0,0.17,1,0,0,0,1,0,1.172,0.0623,1.83,11,10.00,0,0,0,0,0,0,0,0,0,0,0,0,0,0,5,0,0,0
2025,0,34_Kick_Sauber,BRA,Gabriel Bortoleto,Gabriel,Bortoleto,Kick Sauber,#52E252,#DC0004,Бразилия,Ferrari,#FFCE00,6.0,25,43,-2,3,3,1,0,4.0,1.0,7.0,0,5,-1,14.67,1.0,19,4,34,44,0,0,0,0,0.00,0,0,0,0,0,0,0.938,0.0514,1.83,11,9.82,0,0,0,0,0,0,0,0,0,0,0,0,0,0,3,0,0,0
2025,0,31_Alpine,ARG,Franco Colapinto,Franco,Colapinto,Alpine,#0093CC,#FAEF00,Аргентина,Renault,#68A6DB,4.0,0,100,0,2,0,0,0,0.0,0.0,2.0,2,43,2,18.25,0.0,20,0,31,2,0,0,0,0,0.00,0,0,0,0,0,0,0.451,0.0257,0.50,2,3.45,0,0,0,0,0,0,0,0,0,0,0,0,0,0,0,0,0,0
2025,0,32_Alpine,AUS,Jack Doohan,Jack,Doohan,Alpine,#0093CC,#FAEF00,Австралия,Renault,#F7C900,2.0,33,0,-1,0,2,1,29,3.0,0.0,4.0,2,7,-4,16.00,0.0,21,4,32,2,0,0,0,0,0.00,0,0,0,0,0,0,1.669,0.0915,1.50,3,8.33,0,0,0,0,0,0,0,0,0,0,0,0,0,0,1,0,0,0
