SeasonID,RaceID,EventIndex,EventName,TrackName,EventDate,EventDateMod,OfficialEventName,Country,Location,RaceTime,AirTempMin,AirTempMax,TrackTempMin,TrackTempMax,Humidity,WindSpeed,WindDirection,Pressure,PressureMillPb,EventNameRus,EventNameRusClear,TrackNameRus,CountryRus,LocationRus,Conditions,ConditionsRus,EventNameClear,EventNameShortRus,EventNameShort,CountryAbbreviation,EventAbbreviation,SprintIndex,EventNumber,AirTemp,TrackTemp,EventsTotal,DataAvailable,SeasonOver,EventID
2021,2021011,0,Bahrain Grand Prix,Bahrain International Circuit,2021-03-28,28.03.2021,FORMULA 1 GULF AIR BAHRAIN GRAND PRIX 2021,Bahrain,Sakhir,2021-03-28 18:00:00+03:00,20,21,26,28,55,0.84,66.7908560311284,1015,761.2860196050583,Гран-при Бахрейна,Гран-при Бахрейна,Международный автодром Бахрейна,Бахрейн,Сахир,Clear,Ясно,Bahrain Grand Prix,Бахрейн,Bahrain,BAH,BAH,1,01,20,27,22,1,1.0,1
2021,2021021,1,Emilia Romagna Grand Prix,Imola Circuit,2021-04-18,18.04.2021,FORMULA 1 PIRELLI GRAN PREMIO DEL MADE IN ITALY E DELL'EMILIA ROMAGNA 2021,Italy,Imola,2021-04-18 15:00:00+02:00,9,12,14,18,68,0.61,115.61047027506655,1011,758.4448322236025,Гран-при Эмилии-Романьи,Гран-при Эмилии-Романьи,Автодром Энцо и Дино Феррари (Имола),Италия,Имола,Wet-drying,Подсыхающая трасса,Emilia Romagna Grand Prix,Эмилия-Романья,Emilia Romagna,ITA,EMI,1,02,10,16,22,1,1.0,2
2021,2021031,2,Portuguese Grand Prix,Algarve International Circuit,2021-05-02,02.05.2021,FORMULA 1 HEINEKEN GRANDE PRÉMIO DE PORTUGAL 2021,Portugal,Portimão,2021-05-02 15:00:00+01:00,18,20,34,40,39,0.83,124.229718875502,1005,753.5731725975902,Гран-при Португалии,Гран-при Португалии,Междунароодный автодроом Алгарве,Португалия,Портиман,Clear,Ясно,Portuguese Grand Prix,Португалия,Portugal,POR,POR,1,03,19,37,22,1,1.0,3
2021,2021041,3,Spanish Grand Prix,Circuit de Barcelona-Catalunya,2021-05-09,09.05.2021,FORMULA 1 ARAMCO GRAN PREMIO DE ESPAÑA 2021,Spain,Barcelona,2021-05-09 15:00:00+02:00,21,23,31,36,58,0.52,65.99679230152366,993,744.9985085052125,Гран-при Испании,Гран-при Испании,Трасса Барселона-Каталунья,Испания,Барселона,Partly-cloudy,Переменная облачность,Spanish Grand Prix,Испания,Spain,ESP,ESP,1,04,22,33,22,1,1.0,4
2021,2021051,4,Monaco Grand Prix,Circuit de Monaco,2021-05-23,23.05.2021,FORMULA 1 GRAND PRIX DE MONACO 2021,Monaco,Monte Carlo,2021-05-23 15:00:00+02:00,20,22,33,43,61,0.37,181.7781690140845,1016,761.8049888197182,Гран-при Монако,Гран-при Монако,Городская трасса Монако,Монако,Монте-Карло,Sunny,Солнечно,Monaco Grand Prix,Монако,Monaco,MON,MON,1,05,20,38,22,1,1.0,5
2021,2021061,5,Azerbaijan Grand Prix,Baku City Circuit,2021-06-06,06.06.2021,FORMULA 1 AZERBAIJAN GRAND PRIX 2021,Azerbaijan,Baku,2021-06-06 16:00:00+04:00,23,25,34,42,56,0.31,182.93849416755037,1015,761.0709285238598,Гран-при Азербайджана,Гран-при Азербайджана,Городская трасса Баку,Азербайджан,Баку,Cloudy,Облачно,Azerbaijan Grand Prix,Азербайджан,Azerbaijan,AZR,AZR,1,06,23,37,22,1,1.0,6
2021,2021071,6,French Grand Prix,Circuit Paul Ricard,2021-06-20,20.06.2021,FORMULA 1 EMIRATES GRAND PRIX DE FRANCE 2021,France,Le Castellet,2021-06-20 15:00:00+02:00,24,27,33,39,58,1.32,118.50999048525215,961,720.6325984224547,Гран-при Франции,Гран-при Франции,Трасса Поль Рикар,Франция,Ле-Кастелле,Partly-cloudy,Переменная облачность,French Grand Prix,Франция,France,FRA,FRA,1,07,25,36,22,1,1.0,7
2021,2021081,7,Styrian Grand Prix,Red Bull Ring,2021-06-27,27.06.2021,FORMULA 1 BWT GROSSER PREIS DER STEIERMARK 2021,Austria,Spielberg,2021-06-27 15:00:00+02:00,26,27,48,54,33,0.40,100.66203703703704,938,703.8848363750001,Гран-при Штирии,Гран-при Штирии,Трасса Ред Булл Ринг,Австрия,Шпильберг,Clear,Ясно,Styrian Grand Prix,Штирия,Styria,AUT,STE,1,08,26,51,22,1,1.0,8
2021,2021091,8,Austrian Grand Prix,Red Bull Ring,2021-07-04,04.07.2021,FORMULA 1 BWT GROSSER PREIS VON ÖSTERREICH 2021,Austria,Spielberg,2021-07-04 15:00:00+02:00,21,22,34,37,47,0.48,87.85650224215247,934,700.8338649147983,Гран-при Австрии,Гран-при Австрии,Трасса Ред Булл Ринг,Австрия,Шпильберг,Partly-cloudy,Переменная облачность,Austrian Grand Prix,Австрия,Austria,AUT,AUT,1,09,21,35,22,1,1.0,9
2021,2021100,9,"British Grand Prix, sprint",Silverstone Circuit,2021-07-17,17.07.2021,FORMULA 1 PIRELLI BRITISH GRAND PRIX 2021,Great Britain,Silverstone,2021-07-18 15:00:00+01:00,27,28,47,49,46,0.50,133.5103244837758,1010,757.8942550088494,"Гран-при Великобритании, спринт",Гран-при Великобритании,Трасса Сильверстоун,Великобритания,Сильверстоун,Sunny,Солнечно,British Grand Prix,"Великобритания, спринт","Great Britain, спринт",GBR,GBR*,0,10,27,47,22,1,1.0,10
2021,2021101,10,British Grand Prix,Silverstone Circuit,2021-07-18,18.07.2021,FORMULA 1 PIRELLI BRITISH GRAND PRIX 2021,Great Britain,Silverstone,2021-07-18 15:00:00+01:00,29,30,48,52,37,0.32,173.5123711340206,1007,755.2659576804123,Гран-при Великобритании,Гран-при Великобритании,Трасса Сильверстоун,Великобритания,Сильверстоун,Clear,Ясно,British Grand Prix,Великобритания,Great Britain,GBR,GBR,1,10,29,50,22,1,1.0,11
2021,2021111,11,Hungarian Grand Prix,Hungaroring,2021-08-01,01.08.2021,FORMULA 1 ROLEX MAGYAR NAGYDÍJ 2021,Hungary,Budapest,2021-08-01 15:00:00+02:00,26,29,31,42,72,0.69,102.2477157360406,977,732.7486151999999,Гран-при Венгрии,Гран-при Венгрии,Трасса Хунгароринг,Венгрия,Будапешт,Wet-drying,Подсыхающая трасса,Hungarian Grand Prix,Венгрия,Hungary,HUN,HUN,1,11,27,36,22,1,1.0,12
2021,2021121,12,Belgian Grand Prix,Circuit de Spa-Francorchamps,2021-08-29,29.08.2021,FORMULA 1 ROLEX BELGIAN GRAND PRIX 2021,Belgium,Spa-Francorchamps,2021-08-29 15:00:00+02:00,13,13,15,15,96,0.55,334.51666666666665,970,727.3081799999998,Гран-при Бельгии,Гран-при Бельгии,Трасса Спа-Франкоршам,Бельгия,Спа,Rain,Дождь,Belgian Grand Prix,Бельгия,Belgium,BEL,BEL,1,12,13,15,22,0,1.0,13
2021,2021131,13,Dutch Grand Prix,Circuit Zandvoort,2021-09-05,05.09.2021,FORMULA 1 HEINEKEN DUTCH GRAND PRIX 2021,Netherlands,Zandvoort,2021-09-05 15:00:00+02:00,21,22,35,37,53,0.41,119.20720058780309,1021,766.0825160852315,Гран-при Нидерландов,Гран-при Нидерландов,Трасса Зандворт,Нидерланды,Зандворт,Sunny,Солнечно,Dutch Grand Prix,Нидерланды,Netherlands,NLD,NLD,1,13,21,36,22,1,1.0,14
2021,2021140,14,"Italian Grand Prix, sprint",Monza Circuit,2021-09-11,11.09.2021,FORMULA 1 HEINEKEN GRAN PREMIO D’ITALIA 2021,Italy,Monza,2021-09-12 15:00:00+02:00,20,20,27,28,68,2.04,260.25925925925924,1007,755.3989191428573,"Гран-при Италии, спринт",Гран-при Италии,Национальный автодром Монцы,Италия,Монца,Sunny,Солнечно,Italian Grand Prix,"Италия, спринт","Italy, спринт",ITA,ITA*,0,14,20,27,22,1,1.0,15
2021,2021141,15,Italian Grand Prix,Monza Circuit,2021-09-12,12.09.2021,FORMULA 1 HEINEKEN GRAN PREMIO D’ITALIA 2021,Italy,Monza,2021-09-12 15:00:00+02:00,29,30,38,45,30,0.38,183.79372197309416,994,745.7435392399102,Гран-при Италии,Гран-при Италии,Национальный автодром Монцы,Италия,Монца,Sunny,Солнечно,Italian Grand Prix,Италия,Italy,ITA,ITA,1,14,29,41,22,1,1.0,16
2021,2021151,16,Russian Grand Prix,Sochi Autodrom,2021-09-26,26.09.2021,FORMULA 1 VTB RUSSIAN GRAND PRIX 2021,Russia,Sochi,2021-09-26 15:00:00+03:00,18,20,20,22,62,0.28,139.61560975609757,1023,767.3412360468293,Гран-при России,Гран-при России,Сочи Автодром,Россия,Сочи,Light-rain,Легкий дождь,Russian Grand Prix,Россия,Russia,RUS,RUS,1,15,18,20,22,1,1.0,17
2021,2021161,17,Turkish Grand Prix,Istanbul Park,2021-10-10,10.10.2021,FORMULA 1 ROLEX TURKISH GRAND PRIX 2021,Turkey,Istanbul,2021-10-10 15:00:00+03:00,16,16,18,19,93,0.45,127.28247602441151,1006,754.8318071717524,Гран-при Турции,Гран-при Турции,Автодром Истанбул Парк,Турция,Стамбул,Wet-drying,Подсыхающая трасса,Turkish Grand Prix,Турция,Turkey,TUR,TUR,1,16,15,18,22,1,1.0,18
2021,2021171,18,United States Grand Prix,Circuit of the Americas,2021-10-24,24.10.2021,FORMULA 1 ARAMCO UNITED STATES GRAND PRIX 2021,United States,Austin,2021-10-24 14:00:00-05:00,28,30,36,40,59,0.88,107.29501915708812,992,743.8703525689655,Гран-при США,Гран-при США,Трасса Америк,США,Остин,Sunny,Солнечно,United States Grand Prix,США,USA,USA,USA,1,17,28,37,22,1,1.0,19
2021,2021181,19,Mexico City Grand Prix,Autodromo Hermanos Rodriguez,2021-11-07,07.11.2021,FORMULA 1 GRAN PREMIO DE LA CIUDAD DE MÉXICO 2021,Mexico,Mexico City,2021-11-07 13:00:00-06:00,21,23,47,49,30,0.37,171.7755749405234,784,587.8155385313244,Гран-при Мехико,Гран-при Мехико,Автодром имени братьев Родригес,Мексика,Мехико,Sunny,Солнечно,Mexico City Grand Prix,Мехико,Mexico,MEX,MEX,1,18,21,48,22,1,1.0,20
2021,2021190,20,"São Paulo Grand Prix, sprint",Interlagos Circuit,2021-11-13,13.11.2021,FORMULA 1 HEINEKEN GRANDE PRÊMIO DE SÃO PAULO 2021,Brazil,São Paulo,2021-11-14 14:00:00-03:00,28,29,47,50,47,1.73,40.57142857142857,928,696.1943465546219,"Гран-при Сан-Паулу, спринт",Гран-при Сан-Паулу,Автодром имени Жозе Карлуса Пасе (Интерлагос),Бразилия,Сан-Паулу,Partly-cloudy,Переменная облачность,São Paulo Grand Prix,"Сан-Паулу, спринт","Sao Paulo, спринт",BRA,BRA*,0,19,28,48,22,1,1.0,21
2021,2021191,21,São Paulo Grand Prix,Interlagos Circuit,2021-11-14,14.11.2021,FORMULA 1 HEINEKEN GRANDE PRÊMIO DE SÃO PAULO 2021,Brazil,São Paulo,2021-11-14 14:00:00-03:00,23,23,44,52,61,0.41,181.6595588235294,927,695.241589142647,Гран-при Сан-Паулу,Гран-при Сан-Паулу,Автодром имени Жозе Карлуса Пасе (Интерлагос),Бразилия,Сан-Паулу,Sunny,Солнечно,São Paulo Grand Prix,Сан-Паулу,Sao Paulo,BRA,BRA,1,19,22,48,22,1,1.0,22
2021,2021201,22,Qatar Grand Prix,Lusail International Circuit,2021-11-21,21.11.2021,FORMULA 1 OOREDOO QATAR GRAND PRIX 2021,Qatar,Lusail,2021-11-21 17:00:00+03:00,26,26,29,31,78,0.41,117.16337522441651,1013,759.4656446714541,Гран-при Катара,Гран-при Катара,Международный автодром Лусаил,Катар,Лусаил,Clear,Ясно,Qatar Grand Prix,Катар,Qatar,QAT,QAT,1,20,26,29,22,1,1.0,23
2021,2021211,23,Saudi Arabian Grand Prix,Jeddah Corniche Circuit,2021-12-05,05.12.2021,FORMULA 1 STC SAUDI ARABIAN GRAND PRIX 2021,Saudi Arabia,Jeddah,2021-12-05 20:30:00+03:00,28,29,31,33,76,0.29,166.01065088757397,1014,760.5098004142012,Гран-при Саудовской Аравии,Гран-при Саудовской Аравии,Городская трасса Джидда,Саудовская Аравия,Джидда,Clear,Ясно,Saudi Arabian Grand Prix,Саудовская Аравия,Saudi Arabia,SAU,SAU,1,21,28,31,22,1,1.0,24
2021,2021221,24,Abu Dhabi Grand Prix,Yas Marina Circuit,2021-12-12,12.12.2021,FORMULA 1 ETIHAD AIRWAYS ABU DHABI GRAND PRIX 2021,Abu Dhabi,Yas Island,2021-12-12 17:00:00+04:00,24,25,26,29,61,0.38,290.628,1018,763.446770856,Гран-при Абу-Даби,Гран-при Абу-Даби,Трасса Яс Марина,Объединённые Арабские Эмираты,Яс,Clear,Ясно,Abu Dhabi Grand Prix,Абу-Даби,Abu Dhabi,ARE,ARE,1,22,24,27,22,1,1.0,25
2022,2022011,0,Bahrain Grand Prix,Bahrain International Circuit,2022-03-20,20.03.2022,FORMULA 1 GULF AIR BAHRAIN GRAND PRIX 2022,Bahrain,Sakhir,2022-03-20 18:00:00+03:00,22,24,26,29,35,0.21,123.86844444444445,1010,757.9262292479999,Гран-при Бахрейна,Гран-при Бахрейна,Международный автодром Бахрейна,Бахрейн,Сахир,Clear,Ясно,Bahrain Grand Prix,Бахрейн,Bahrain,BAH,BAH,1,01,23,27,22,1,1.0,1
2022,2022021,1,Saudi Arabian Grand Prix,Jeddah Corniche Circuit,2022-03-27,27.03.2022,FORMULA 1 STC SAUDI ARABIAN GRAND PRIX 2022,Saudi Arabia,Jeddah,2022-03-27 20:00:00+03:00,25,26,27,29,58,2.16,298.3768292682927,1013,759.8234029609756,Гран-при Саудовской Аравии,Гран-при Саудовской Аравии,Городская трасса Джидда,Саудовская Аравия,Джидда,Clear,Ясно,Saudi Arabian Grand Prix,Саудовская Аравия,Saudi Arabia,SAU,SAU,1,02,25,27,22,1,1.0,24
2022,2022031,2,Australian Grand Prix,Albert Park Circuit,2022-04-10,10.04.2022,FORMULA 1 HEINEKEN AUSTRALIAN GRAND PRIX 2022,Australia,Melbourne,2022-04-10 15:00:00+10:00,26,27,34,39,42,1.46,246.97607655502392,1014,760.6583119119617,Гран-при Австралии,Гран-при Австралии,Трасса Альберт-Парк,Австралия,Мельбурн,Partly-cloudy,Переменная облачность,Australian Grand Prix,Австралия,Australia,AUS,AUS,1,03,26,36,22,1,1.0,26
2022,2022040,3,"Emilia Romagna Grand Prix, sprint",Imola Circuit,2022-04-23,23.04.2022,FORMULA 1 ROLEX GRAN PREMIO DEL MADE IN ITALY E DELL'EMILIA-ROMAGNA 2022,Italy,Imola,2022-04-24 15:00:00+02:00,23,24,26,30,69,2.30,79.92342342342343,919,689.4673151351351,"Гран-при Эмилии-Романьи, спринт",Гран-при Эмилии-Романьи,Автодром Энцо и Дино Феррари (Имола),Италия,Имола,Partly-cloudy,Переменная облачность,Emilia Romagna Grand Prix,"Эмилия-Романья, спринт","Emilia Romagna, спринт",ITA,EMI*,0,04,23,27,22,1,1.0,27
2022,2022041,4,Emilia Romagna Grand Prix,Imola Circuit,2022-04-24,24.04.2022,FORMULA 1 ROLEX GRAN PREMIO DEL MADE IN ITALY E DELL'EMILIA-ROMAGNA 2022,Italy,Imola,2022-04-24 15:00:00+02:00,13,14,16,18,80,1.56,63.61484098939929,1001,750.6653487773851,Гран-при Эмилии-Романьи,Гран-при Эмилии-Романьи,Автодром Энцо и Дино Феррари (Имола),Италия,Имола,Wet-drying,Подсыхающая трасса,Emilia Romagna Grand Prix,Эмилия-Романья,Emilia Romagna,ITA,EMI,1,04,13,16,22,1,1.0,2
2022,2022051,5,Miami Grand Prix,Miami International Autodrome,2022-05-08,08.05.2022,FORMULA 1 CRYPTO.COM MIAMI GRAND PRIX 2022,United States,Miami,2022-05-08 15:30:00-04:00,29,32,38,48,63,2.62,138.08514664143803,1009,756.8646124427624,Гран-при Майами,Гран-при Майами,Международный автодром Майами,США,Майами,Partly-cloudy,Переменная облачность,Miami Grand Prix,Майами,Miami,USA,MIA,1,05,30,43,22,1,1.0,28
2022,2022061,6,Spanish Grand Prix,Circuit de Barcelona-Catalunya,2022-05-22,22.05.2022,FORMULA 1 PIRELLI GRAN PREMIO DE ESPAÑA 2022,Spain,Barcelona,2022-05-22 15:00:00+02:00,36,37,48,50,7,3.17,173.46260162601627,996,746.8527312439024,Гран-при Испании,Гран-при Испании,Трасса Барселона-Каталунья,Испания,Барселона,Sunny,Солнечно,Spanish Grand Prix,Испания,Spain,ESP,ESP,1,06,36,48,22,1,1.0,4
2022,2022071,7,Monaco Grand Prix,Circuit de Monaco,2022-05-29,29.05.2022,FORMULA 1 GRAND PRIX DE MONACO 2022,Monaco,Monaco,2022-05-29 15:00:00+02:00,21,23,26,30,74,0.82,153.93384223918576,1003,752.4333450687024,Гран-при Монако,Гран-при Монако,Городская трасса Монако,Монако,Монте-Карло,Wet-drying,Подсыхающая трасса,Monaco Grand Prix,Монако,Monaco,MON,MON,1,07,21,28,22,1,1.0,5
2022,2022081,8,Azerbaijan Grand Prix,Baku City Circuit,2022-06-12,12.06.2022,FORMULA 1 AZERBAIJAN GRAND PRIX 2022,Azerbaijan,Baku,2022-06-12 15:00:00+04:00,25,26,44,48,62,1.74,280.1885521885522,1010,757.287009090909,Гран-при Азербайджана,Гран-при Азербайджана,Городская трасса Баку,Азербайджан,Баку,Sunny,Солнечно,Azerbaijan Grand Prix,Азербайджан,Azerbaijan,AZR,AZR,1,08,25,46,22,1,1.0,6
2022,2022091,9,Canadian Grand Prix,Circuit Gilles Villeneuve,2022-06-19,19.06.2022,FORMULA 1 AWS GRAND PRIX DU CANADA 2022,Canada,Montréal,2022-06-19 14:00:00-04:00,20,22,41,42,27,3.78,147.6368670886076,1012,759.2289494382911,Гран-при Канады,Гран-при Канады,Трасса имени Жиля Вильнёва,Канада,Монреаль,Sunny,Солнечно,Canadian Grand Prix,Канада,Canada,CAN,CAN,1,09,21,41,22,1,1.0,29
2022,2022101,10,British Grand Prix,Silverstone Circuit,2022-07-03,03.07.2022,FORMULA 1 LENOVO BRITISH GRAND PRIX 2022,Great Britain,Silverstone,2022-07-03 15:00:00+01:00,18,19,28,34,57,1.32,151.00858895705522,1002,751.9134304711655,Гран-при Великобритании,Гран-при Великобритании,Трасса Сильверстоун,Великобритания,Сильверстоун,Partly-cloudy,Переменная облачность,British Grand Prix,Великобритания,Great Britain,GBR,GBR,1,10,18,31,22,1,1.0,11
2022,2022110,11,"Austrian Grand Prix, sprint",Red Bull Ring,2022-07-09,09.07.2022,FORMULA 1 ROLEX GROSSER PREIS VON ÖSTERREICH 2022,Austria,Spielberg,2022-07-10 15:00:00+02:00,30,31,40,45,55,2.83,260.375,992,744.2465662124999,"Гран-при Австрии, спринт",Гран-при Австрии,Трасса Ред Булл Ринг,Австрия,Шпильберг,Partly-cloudy,Переменная облачность,Austrian Grand Prix,"Австрия, спринт","Austria, спринт",AUT,AUT*,0,11,30,42,22,1,1.0,30
2022,2022111,12,Austrian Grand Prix,Red Bull Ring,2022-07-10,10.07.2022,FORMULA 1 ROLEX GROSSER PREIS VON ÖSTERREICH 2022,Austria,Spielberg,2022-07-10 15:00:00+02:00,20,21,28,34,34,1.60,169.39954682779455,940,704.945590531722,Гран-при Австрии,Гран-при Австрии,Трасса Ред Булл Ринг,Австрия,Шпильберг,Partly-cloudy,Переменная облачность,Austrian Grand Prix,Австрия,Austria,AUT,AUT,1,11,20,31,22,1,1.0,9
2022,2022121,13,French Grand Prix,Circuit Paul Ricard,2022-07-24,24.07.2022,FORMULA 1 LENOVO GRAND PRIX DE FRANCE 2022,France,Le Castellet,2022-07-24 15:00:00+02:00,29,31,51,58,49,2.19,119.18580375782881,968,725.9448663507306,Гран-при Франции,Гран-при Франции,Трасса Поль Рикар,Франция,Ле-Кастелле,Sunny,Солнечно,French Grand Prix,Франция,France,FRA,FRA,1,12,30,54,22,1,1.0,7
2022,2022131,14,Hungarian Grand Prix,Hungaroring,2022-07-31,31.07.2022,FORMULA 1 ARAMCO MAGYAR NAGYDÍJ 2022,Hungary,Budapest,2022-07-31 15:00:00+02:00,18,19,24,28,70,4.16,285.0050614605929,986,739.3098992798264,Гран-при Венгрии,Гран-при Венгрии,Трасса Хунгароринг,Венгрия,Будапешт,Cloudy,Облачно,Hungarian Grand Prix,Венгрия,Hungary,HUN,HUN,1,13,18,26,22,1,1.0,12
2022,2022141,15,Belgian Grand Prix,Circuit de Spa-Francorchamps,2022-08-28,28.08.2022,FORMULA 1 ROLEX BELGIAN GRAND PRIX 2022,Belgium,Spa-Francorchamps,2022-08-28 15:00:00+02:00,22,22,34,37,39,1.46,249.79419191919192,971,728.2702834772725,Гран-при Бельгии,Гран-при Бельгии,Трасса Спа-Франкоршам,Бельгия,Спа,Sunny,Солнечно,Belgian Grand Prix,Бельгия,Belgium,BEL,BEL,1,14,22,35,22,1,1.0,13
2022,2022151,16,Dutch Grand Prix,Circuit Zandvoort,2022-09-04,04.09.2022,FORMULA 1 HEINEKEN DUTCH GRAND PRIX 2022,Netherlands,Zandvoort,2022-09-04 15:00:00+02:00,22,23,32,34,77,1.14,141.10488505747125,1017,762.9682524051725,Гран-при Нидерландов,Гран-при Нидерландов,Трасса Зандворт,Нидерланды,Зандворт,Partly-cloudy,Переменная облачность,Dutch Grand Prix,Нидерланды,Netherlands,NLD,NLD,1,15,22,32,22,1,1.0,14
2022,2022161,17,Italian Grand Prix,Monza Circuit,2022-09-11,11.09.2022,FORMULA 1 PIRELLI GRAN PREMIO D’ITALIA 2022,Italy,Monza,2022-09-11 15:00:00+02:00,28,28,42,44,31,1.54,189.23995880535531,993,744.8455767003089,Гран-при Италии,Гран-при Италии,Национальный автодром Монцы,Италия,Монца,Sunny,Солнечно,Italian Grand Prix,Италия,Italy,ITA,ITA,1,16,28,43,22,1,1.0,16
2022,2022171,18,Singapore Grand Prix,Marina Bay Street Circuit,2022-10-02,02.10.2022,FORMULA 1 SINGAPORE AIRLINES SINGAPORE GRAND PRIX 2022,Singapore,Marina Bay,2022-10-02 20:00:00+08:00,27,28,27,30,86,1.00,134.14285714285714,1009,756.4762275428571,Гран-при Сингапура,Гран-при Сингапура,Городская трасса Марина-Бей,Сингапур,Марина Бэй,Wet-drying,Подсыхающая трасса,Singapore Grand Prix,Сингапур,Singapore,SGP,SGP,1,17,27,28,22,1,1.0,31
2022,2022181,19,Japanese Grand Prix,Suzuka International Racing Course,2022-10-09,09.10.2022,FORMULA 1 HONDA JAPANESE GRAND PRIX 2022,Japan,Suzuka,2022-10-09 14:00:00+09:00,16,18,18,21,90,2.47,342.06903353057197,1015,761.4773334319526,Гран-при Японии,Гран-при Японии,Международная гоночная трасса Сузука,Япония,Сузука,Rain,Дождь,Japanese Grand Prix,Япония,Japan,JPN,JPN,1,18,16,19,22,1,1.0,32
2022,2022191,20,United States Grand Prix,Circuit of the Americas,2022-10-23,23.10.2022,FORMULA 1 ARAMCO UNITED STATES GRAND PRIX 2022,United States,Austin,2022-10-23 14:00:00-05:00,29,31,35,38,48,5.57,108.51612903225806,991,743.0346900362904,Гран-при США,Гран-при США,Трасса Америк,США,Остин,Partly-cloudy,Переменная облачность,United States Grand Prix,США,USA,USA,USA,1,19,29,36,22,1,1.0,19
2022,2022201,21,Mexico City Grand Prix,Autodromo Hermanos Rodriguez,2022-10-30,30.10.2022,FORMULA 1 HEINEKEN GRAN PREMIO DE LA CIUDAD DE MÉXICO 2022,Mexico,Mexico City,2022-10-30 14:00:00-06:00,24,25,37,48,33,1.21,227.63886874546773,780,585.0304281319796,Гран-при Мехико,Гран-при Мехико,Автодром имени братьев Родригес,Мексика,Мехико,Partly-cloudy,Переменная облачность,Mexico City Grand Prix,Мехико,Mexico,MEX,MEX,1,20,24,42,22,1,1.0,20
2022,2022210,22,"São Paulo Grand Prix, sprint",Interlagos Circuit,2022-11-12,12.11.2022,FORMULA 1 HEINEKEN GRANDE PRÊMIO DE SÃO PAULO 2022,Brazil,São Paulo,2022-11-13 15:00:00-03:00,27,28,42,46,45,1.35,215.84736842105264,1007,755.5133309684211,"Гран-при Сан-Паулу, спринт",Гран-при Сан-Паулу,Автодром имени Жозе Карлуса Пасе (Интерлагос),Бразилия,Сан-Паулу,Partly-cloudy,Переменная облачность,São Paulo Grand Prix,"Сан-Паулу, спринт","Sao Paulo, спринт",BRA,BRA*,0,21,27,43,22,1,1.0,21
2022,2022211,23,São Paulo Grand Prix,Interlagos Circuit,2022-11-13,13.11.2022,FORMULA 1 HEINEKEN GRANDE PRÊMIO DE SÃO PAULO 2022,Brazil,São Paulo,2022-11-13 15:00:00-03:00,21,24,38,50,78,1.40,164.648927720413,922,691.5930315154885,Гран-при Сан-Паулу,Гран-при Сан-Паулу,Автодром имени Жозе Карлуса Пасе (Интерлагос),Бразилия,Сан-Паулу,Cloudy,Облачно,São Paulo Grand Prix,Сан-Паулу,Sao Paulo,BRA,BRA,1,21,22,43,22,1,1.0,22
2022,2022221,24,Abu Dhabi Grand Prix,Yas Marina Circuit,2022-11-20,20.11.2022,FORMULA 1 ETIHAD AIRWAYS ABU DHABI GRAND PRIX 2022,Abu Dhabi,Yas Island,2022-11-20 17:00:00+04:00,28,29,32,35,64,2.49,311.1880035810206,1014,760.3329345711728,Гран-при Абу-Даби,Гран-при Абу-Даби,Трасса Яс Марина,Объединённые Арабские Эмираты,Яс,Clear,Ясно,Abu Dhabi Grand Prix,Абу-Даби,Abu Dhabi,ARE,ARE,1,22,28,33,22,1,1.0,25
2023,2023011,0,Bahrain Grand Prix,Bahrain International Circuit,2023-03-05,05.03.2023,FORMULA 1 GULF AIR BAHRAIN GRAND PRIX 2023,Bahrain,Sakhir,2023-03-05 18:00:00+03:00,26,27,29,31,21,0.50,177.4157196969697,1017,762.816631244318,Гран-при Бахрейна,Гран-при Бахрейна,Международный автодром Бахрейна,Бахрейн,Сахир,Clear,Ясно,Bahrain Grand Prix,Бахрейн,Bahrain,BAH,BAH,1,01,26,29,22,1,1.0,1
2023,2023021,1,Saudi Arabian Grand Prix,Jeddah Corniche Circuit,2023-03-19,19.03.2023,FORMULA 1 STC SAUDI ARABIAN GRAND PRIX 2023,Saudi Arabia,Jeddah,2023-03-19 20:00:00+03:00,26,26,30,32,57,1.29,233.84517497348887,1011,758.366178757158,Гран-при Саудовской Аравии,Гран-при Саудовской Аравии,Городская трасса Джидда,Саудовская Аравия,Джидда,Clear,Ясно,Saudi Arabian Grand Prix,Саудовская Аравия,Saudi Arabia,SAU,SAU,1,02,26,31,22,1,1.0,24
2023,2023031,2,Australian Grand Prix,Albert Park Circuit,2023-04-02,02.04.2023,FORMULA 1 ROLEX AUSTRALIAN GRAND PRIX 2023,Australia,Melbourne,2023-04-02 15:00:00+10:00,17,18,24,35,54,1.15,138.72382851445664,1018,763.787817978066,Гран-при Австралии,Гран-при Австралии,Трасса Альберт-Парк,Австралия,Мельбурн,Sunny,Солнечно,Australian Grand Prix,Австралия,Australia,AUS,AUS,1,03,17,29,22,1,1.0,26
2023,2023040,3,"Azerbaijan Grand Prix, sprint",Baku City Circuit,2023-04-29,29.04.2023,FORMULA 1 AZERBAIJAN GRAND PRIX 2023,Azerbaijan,Baku,2023-04-30 15:00:00+04:00,21,22,35,37,31,1.71,179.02981651376146,944,707.7727870183486,"Гран-при Азербайджана, спринт",Гран-при Азербайджана,Городская трасса Баку,Азербайджан,Баку,Sunny,Солнечно,Azerbaijan Grand Prix,"Азербайджан, спринт","Azerbaijan, спринт",AZR,AZR*,0,04,21,35,22,1,1.0,33
2023,2023041,4,Azerbaijan Grand Prix,Baku City Circuit,2023-04-30,30.04.2023,FORMULA 1 AZERBAIJAN GRAND PRIX 2023,Azerbaijan,Baku,2023-04-30 15:00:00+04:00,25,26,35,43,49,1.04,120.92099792099792,1008,756.3224552182953,Гран-при Азербайджана,Гран-при Азербайджана,Городская трасса Баку,Азербайджан,Баку,Partly-cloudy,Переменная облачность,Azerbaijan Grand Prix,Азербайджан,Azerbaijan,AZR,AZR,1,04,25,39,22,1,1.0,6
2023,2023051,5,Miami Grand Prix,Miami International Autodrome,2023-05-07,07.05.2023,FORMULA 1 CRYPTO.COM MIAMI GRAND PRIX 2023,United States,Miami,2023-05-07 15:30:00-04:00,27,28,33,38,59,3.98,137.16168717047452,1018,763.6837391968364,Гран-при Майами,Гран-при Майами,Международный автодром Майами,США,Майами,Partly-cloudy,Переменная облачность,Miami Grand Prix,Майами,Miami,USA,MIA,1,05,27,35,22,1,1.0,28
2023,2023061,6,Monaco Grand Prix,Circuit de Monaco,2023-05-28,28.05.2023,FORMULA 1 GRAND PRIX DE MONACO 2023,Monaco,Monaco,2023-05-28 15:00:00+02:00,23,26,27,43,47,1.15,131.05214521452146,1013,760.04802670099,Гран-при Монако,Гран-при Монако,Городская трасса Монако,Монако,Монте-Карло,Light-rain,Легкий дождь,Monaco Grand Prix,Монако,Monaco,MON,MON,1,06,24,35,22,1,1.0,5
2023,2023071,7,Spanish Grand Prix,Circuit de Barcelona-Catalunya,2023-06-04,04.06.2023,FORMULA 1 AWS GRAN PREMIO DE ESPAÑA 2023,Spain,Barcelona,2023-06-04 15:00:00+02:00,22,22,27,33,65,1.99,82.65091463414635,1001,751.003177582317,Гран-при Испании,Гран-при Испании,Трасса Барселона-Каталунья,Испания,Барселона,Cloudy,Облачно,Spanish Grand Prix,Испания,Spain,ESP,ESP,1,07,22,30,22,1,1.0,4
2023,2023081,8,Canadian Grand Prix,Circuit Gilles Villeneuve,2023-06-18,18.06.2023,FORMULA 1 PIRELLI GRAND PRIX DU CANADA 2023,Canada,Montréal,2023-06-18 14:00:00-04:00,18,20,29,34,62,1.92,325.39179954441914,1012,758.6878541822322,Гран-при Канады,Гран-при Канады,Трасса имени Жиля Вильнёва,Канада,Монреаль,Partly-cloudy,Переменная облачность,Canadian Grand Prix,Канада,Canada,CAN,CAN,1,08,18,31,22,1,1.0,29
2023,2023090,9,"Austrian Grand Prix, sprint",Red Bull Ring,2023-07-01,01.07.2023,FORMULA 1 ROLEX GROSSER PREIS VON ÖSTERREICH 2023,Austria,Spielberg,2023-07-02 15:00:00+02:00,21,21,25,26,53,3.09,247.54736842105262,1017,763.037617073684,"Гран-при Австрии, спринт",Гран-при Австрии,Трасса Ред Булл Ринг,Австрия,Шпильберг,Wet-drying,Подсыхающая трасса,Austrian Grand Prix,"Австрия, спринт","Austria, спринт",AUT,AUT*,0,09,21,25,22,1,1.0,30
2023,2023091,10,Austrian Grand Prix,Red Bull Ring,2023-07-02,02.07.2023,FORMULA 1 ROLEX GROSSER PREIS VON ÖSTERREICH 2023,Austria,Spielberg,2023-07-02 15:00:00+02:00,22,23,31,34,52,1.07,117.9874446085672,934,700.5516083308714,Гран-при Австрии,Гран-при Австрии,Трасса Ред Булл Ринг,Австрия,Шпильберг,Cloudy,Облачно,Austrian Grand Prix,Австрия,Austria,AUT,AUT,1,09,22,32,22,1,1.0,9
2023,2023101,11,British Grand Prix,Silverstone Circuit,2023-07-09,09.07.2023,FORMULA 1 ARAMCO BRITISH GRAND PRIX 2023,Great Britain,Silverstone,2023-07-09 15:00:00+01:00,20,22,28,33,59,2.57,206.58599382080328,1001,750.9840955489186,Гран-при Великобритании,Гран-при Великобритании,Трасса Сильверстоун,Великобритания,Сильверстоун,Cloudy,Облачно,British Grand Prix,Великобритания,Great Britain,GBR,GBR,1,10,20,30,22,1,1.0,11
2023,2023111,12,Hungarian Grand Prix,Hungaroring,2023-07-23,23.07.2023,FORMULA 1 QATAR AIRWAYS HUNGARIAN GRAND PRIX 2023,Hungary,Budapest,2023-07-23 15:00:00+02:00,29,30,46,50,32,1.49,177.30271565495207,988,741.1876648706068,Гран-при Венгрии,Гран-при Венгрии,Трасса Хунгароринг,Венгрия,Будапешт,Sunny,Солнечно,Hungarian Grand Prix,Венгрия,Hungary,HUN,HUN,1,11,29,47,22,1,1.0,12
2023,2023120,13,"Belgian Grand Prix, sprint",Circuit de Spa-Francorchamps,2023-07-29,29.07.2023,FORMULA 1 MSC CRUISES BELGIAN GRAND PRIX 2023,Belgium,Spa-Francorchamps,2023-07-30 15:00:00+02:00,24,25,30,31,50,1.79,273.10526315789474,1016,761.741394963158,"Гран-при Бельгии, спринт",Гран-при Бельгии,Трасса Спа-Франкоршам,Бельгия,Спа,Light-rain,Легкий дождь,Belgian Grand Prix,"Бельгия, спринт","Belgium, спринт",BEL,BEL*,0,12,24,30,22,1,1.0,34
2023,2023121,14,Belgian Grand Prix,Circuit de Spa-Francorchamps,2023-07-30,30.07.2023,FORMULA 1 MSC CRUISES BELGIAN GRAND PRIX 2023,Belgium,Spa-Francorchamps,2023-07-30 15:00:00+02:00,17,19,25,32,61,1.66,133.80392156862746,967,725.0768434191176,Гран-при Бельгии,Гран-при Бельгии,Трасса Спа-Франкоршам,Бельгия,Спа,Cloudy,Облачно,Belgian Grand Prix,Бельгия,Belgium,BEL,BEL,1,12,18,28,22,1,1.0,13
2023,2023131,15,Dutch Grand Prix,Circuit Zandvoort,2023-08-27,27.08.2023,FORMULA 1 HEINEKEN DUTCH GRAND PRIX 2023,Netherlands,Zandvoort,2023-08-27 15:00:00+02:00,16,18,19,30,69,2.61,166.99851079672376,1008,755.906167581534,Гран-при Нидерландов,Гран-при Нидерландов,Трасса Зандворт,Нидерланды,Зандворт,Rain,Дождь,Dutch Grand Prix,Нидерланды,Netherlands,NLD,NLD,1,13,16,24,22,1,1.0,14
2023,2023141,16,Italian Grand Prix,Monza Circuit,2023-09-03,03.09.2023,FORMULA 1 PIRELLI GRAN PREMIO D’ITALIA 2023 ,Italy,Monza,2023-09-03 15:00:00+02:00,29,30,41,44,41,1.38,175.82523267838675,1000,750.2735382812823,Гран-при Италии,Гран-при Италии,Национальный автодром Монцы,Италия,Монца,Sunny,Солнечно,Italian Grand Prix,Италия,Italy,ITA,ITA,1,14,29,42,22,1,1.0,16
2023,2023151,17,Singapore Grand Prix,Marina Bay Street Circuit,2023-09-17,17.09.2023,FORMULA 1 SINGAPORE AIRLINES SINGAPORE GRAND PRIX 2023 ,Singapore,Marina Bay,2023-09-17 20:00:00+08:00,29,30,35,37,74,1.59,169.29779411764707,1009,757.1302806507352,Гран-при Сингапура,Гран-при Сингапура,Городская трасса Марина-Бей,Сингапур,Марина Бэй,Clear,Ясно,Singapore Grand Prix,Сингапур,Singapore,SGP,SGP,1,15,29,35,22,1,1.0,31
2023,2023161,18,Japanese Grand Prix,Suzuka International Racing Course,2023-09-24,24.09.2023,FORMULA 1 LENOVO JAPANESE GRAND PRIX 2023 ,Japan,Suzuka,2023-09-24 14:00:00+09:00,27,28,36,44,42,1.46,124.25681818181818,1013,759.7100333045455,Гран-при Японии,Гран-при Японии,Международная гоночная трасса Сузука,Япония,Сузука,Sunny,Солнечно,Japanese Grand Prix,Япония,Japan,JPN,JPN,1,16,27,40,22,1,1.0,32
2023,2023170,19,"Qatar Grand Prix, sprint",Lusail International Circuit,2023-10-07,07.10.2023,FORMULA 1 QATAR AIRWAYS QATAR GRAND PRIX 2023,Qatar,Lusail,2023-10-08 20:00:00+03:00,28,30,43,46,43,1.30,149.01521739130436,941,705.8969563695653,"Гран-при Катара, спринт",Гран-при Катара,Международный автодром Лусаил,Катар,Лусаил,Clear,Ясно,Qatar Grand Prix,"Катар, спринт","Qatar, спринт",QAT,QAT*,0,17,29,44,22,1,1.0,35
2023,2023171,20,Qatar Grand Prix,Lusail International Circuit,2023-10-08,08.10.2023,FORMULA 1 QATAR AIRWAYS QATAR GRAND PRIX 2023,Qatar,Lusail,2023-10-08 20:00:00+03:00,31,32,35,37,75,0.82,150.90059642147116,1010,757.4527881948309,Гран-при Катара,Гран-при Катара,Международный автодром Лусаил,Катар,Лусаил,Clear,Ясно,Qatar Grand Prix,Катар,Qatar,QAT,QAT,1,17,31,36,22,1,1.0,23
2023,2023180,21,"United States Grand Prix, sprint",Circuit of the Americas,2023-10-21,21.10.2023,FORMULA 1 LENOVO UNITED STATES GRAND PRIX 2023,United States,Austin,2023-10-22 14:00:00-05:00,28,29,41,43,36,0.40,173.66472303206996,994,745.4662651836733,"Гран-при США, спринт",Гран-при США,Трасса Америк,США,Остин,Partly-cloudy,Переменная облачность,United States Grand Prix,"США, спринт","USA, спринт",USA,USA*,0,18,28,41,22,1,1.0,36
2023,2023181,22,United States Grand Prix,Circuit of the Americas,2023-10-22,22.10.2023,FORMULA 1 LENOVO UNITED STATES GRAND PRIX 2023,United States,Austin,2023-10-22 14:00:00-05:00,30,31,40,42,39,3.36,110.42307692307692,993,745.0402197514793,Гран-при США,Гран-при США,Трасса Америк,США,Остин,Sunny,Солнечно,United States Grand Prix,США,USA,USA,USA,1,18,30,41,22,1,1.0,19
2023,2023191,23,Mexico City Grand Prix,Autodromo Hermanos Rodriguez,2023-10-29,29.10.2023,FORMULA 1 GRAN PREMIO DE LA CIUDAD DE MÉXICO 2023,Mexico,Mexico City,2023-10-29 14:00:00-06:00,24,27,37,49,22,1.46,256.04134165366617,779,584.3680600577222,Гран-при Мехико,Гран-при Мехико,Автодром имени братьев Родригес,Мексика,Мехико,Sunny,Солнечно,Mexico City Grand Prix,Мехико,Mexico,MEX,MEX,1,19,25,42,22,1,1.0,20
2023,2023200,24,"São Paulo Grand Prix, sprint",Interlagos Circuit,2023-11-04,04.11.2023,FORMULA 1 ROLEX GRANDE PRÊMIO DE SÃO PAULO 2023,Brazil,São Paulo,2023-11-05 14:00:00-03:00,16,17,20,21,88,1.12,120.04166666666667,933,699.5334582000002,"Гран-при Сан-Паулу, спринт",Гран-при Сан-Паулу,Автодром имени Жозе Карлуса Пасе (Интерлагос),Бразилия,Сан-Паулу,Sunny,Солнечно,São Paulo Grand Prix,"Сан-Паулу, спринт","Sao Paulo, спринт",BRA,BRA*,0,20,16,20,22,1,1.0,21
2023,2023201,25,São Paulo Grand Prix,Interlagos Circuit,2023-11-05,05.11.2023,FORMULA 1 ROLEX GRANDE PRÊMIO DE SÃO PAULO 2023,Brazil,São Paulo,2023-11-05 14:00:00-03:00,20,21,36,50,58,1.40,177.8872858431019,928,695.8778028313795,Гран-при Сан-Паулу,Гран-при Сан-Паулу,Автодром имени Жозе Карлуса Пасе (Интерлагос),Бразилия,Сан-Паулу,Partly-cloudy,Переменная облачность,São Paulo Grand Prix,Сан-Паулу,Sao Paulo,BRA,BRA,1,20,20,43,22,1,1.0,22
2023,2023211,26,Las Vegas Grand Prix,Las Vegas Strip Circuit,2023-11-18,18.11.2023,FORMULA 1 HEINEKEN SILVER LAS VEGAS GRAND PRIX 2023,United States,Las Vegas,2023-11-18 22:00:00-08:00,18,18,18,18,48,2.34,226.34566596194503,940,704.8470016427061,Гран-при Лас-Вегаса,Гран-при Лас-Вегаса,Городская трасса Лас-Вегас,США,Лас-Вегас,Clear,Ясно,Las Vegas Grand Prix,Лас-Вегас,Las Vegas,USA,LVG,1,21,18,18,22,1,1.0,37
2023,2023221,27,Abu Dhabi Grand Prix,Yas Marina Circuit,2023-11-26,26.11.2023,FORMULA 1 ETIHAD AIRWAYS ABU DHABI GRAND PRIX 2023 ,Abu Dhabi,Yas Island,2023-11-26 17:00:00+04:00,26,27,31,34,52,1.68,291.3638720829732,1015,761.4331007865168,Гран-при Абу-Даби,Гран-при Абу-Даби,Трасса Яс Марина,Объединённые Арабские Эмираты,Яс,Clear,Ясно,Abu Dhabi Grand Prix,Абу-Даби,Abu Dhabi,ARE,ARE,1,22,26,32,22,1,1.0,25
2024,2024011,0,Bahrain Grand Prix,Bahrain International Circuit,2024-03-02,02.03.2024,FORMULA 1 GULF AIR BAHRAIN GRAND PRIX 2024,Bahrain,Sakhir,2024-03-02 18:00:00+03:00,18,18,22,24,50,0.55,97.01417183348096,1017,763.0217543064658,Гран-при Бахрейна,Гран-при Бахрейна,Международный автодром Бахрейна,Бахрейн,Сахир,Clear,Ясно,Bahrain Grand Prix,Бахрейн,Bahrain,BAH,BAH,1,01,17,22,24,1,1.0,1
2024,2024021,1,Saudi Arabian Grand Prix,Jeddah Corniche Circuit,2024-03-09,09.03.2024,FORMULA 1 STC SAUDI ARABIAN GRAND PRIX 2024,Saudi Arabia,Jeddah,2024-03-09 20:00:00+03:00,25,26,30,32,63,0.98,198.20088790233075,1013,759.747595145394,Гран-при Саудовской Аравии,Гран-при Саудовской Аравии,Городская трасса Джидда,Саудовская Аравия,Джидда,Clear,Ясно,Saudi Arabian Grand Prix,Саудовская Аравия,Saudi Arabia,SAU,SAU,1,02,25,31,24,1,1.0,24
2024,2024031,2,Australian Grand Prix,Albert Park Circuit,2024-03-24,24.03.2024,FORMULA 1 ROLEX AUSTRALIAN GRAND PRIX 2024,Australia,Melbourne,2024-03-24 15:00:00+11:00,20,22,37,39,43,1.07,136.6122244488978,1020,765.2480385931864,Гран-при Австралии,Гран-при Австралии,Трасса Альберт-Парк,Австралия,Мельбурн,Sunny,Солнечно,Australian Grand Prix,Австралия,Australia,AUS,AUS,1,03,21,38,24,1,1.0,26
2024,2024041,3,Japanese Grand Prix,Suzuka International Racing Course,2024-04-07,07.04.2024,FORMULA 1 MSC CRUISES JAPANESE GRAND PRIX 2024,Japan,Suzuka,2024-04-07 14:00:00+09:00,20,23,31,40,46,2.38,185.35060639470782,1013,759.4622956736494,Гран-при Японии,Гран-при Японии,Международная гоночная трасса Сузука,Япония,Сузука,Partly-cloudy,Переменная облачность,Japanese Grand Prix,Япония,Japan,JPN,JPN,1,04,21,35,24,1,1.0,32
2024,2024050,4,"Chinese Grand Prix, sprint",Shanghai International Circuit,2024-04-20,20.04.2024,FORMULA 1 LENOVO CHINESE GRAND PRIX 2024,China,Shanghai,2024-04-21 15:00:00+08:00,31,32,35,36,61,1.08,246.6552795031056,1008,756.0679340124224,"Гран-при Китая, спринт",Гран-при Китая,Международный автодром Шанхая,Китай,Шанхай,Partly-cloudy,Переменная облачность,Chinese Grand Prix,"Китай, спринт","China, спринт",CHN,CHN*,0,05,31,35,24,1,1.0,38
2024,2024051,5,Chinese Grand Prix,Shanghai International Circuit,2024-04-21,21.04.2024,FORMULA 1 LENOVO CHINESE GRAND PRIX 2024,China,Shanghai,2024-04-21 15:00:00+08:00,18,19,27,31,67,2.10,143.8546511627907,1011,758.5775418139533,Гран-при Китая,Гран-при Китая,Международный автодром Шанхая,Китай,Шанхай,Cloudy,Облачно,Chinese Grand Prix,Китай,China,CHN,CHN,1,05,18,29,24,1,1.0,39
2024,2024060,6,"Miami Grand Prix, sprint",Miami International Autodrome,2024-05-04,04.05.2024,FORMULA 1 CRYPTO.COM MIAMI GRAND PRIX 2024,United States,Miami,2024-05-05 16:00:00-04:00,21,21,33,38,61,1.06,183.86868686868686,969,726.8369301818182,"Гран-при Майами, спринт",Гран-при Майами,Международный автодром Майами,США,Майами,Partly-cloudy,Переменная облачность,Miami Grand Prix,"Майами, спринт","Miami, спринт",USA,MIA*,0,06,20,35,24,1,1.0,40
2024,2024061,7,Miami Grand Prix,Miami International Autodrome,2024-05-05,05.05.2024,FORMULA 1 CRYPTO.COM MIAMI GRAND PRIX 2024,United States,Miami,2024-05-05 16:00:00-04:00,28,29,39,48,60,3.06,152.24122412241223,1016,762.3514647866785,Гран-при Майами,Гран-при Майами,Международный автодром Майами,США,Майами,Partly-cloudy,Переменная облачность,Miami Grand Prix,Майами,Miami,USA,MIA,1,06,28,43,24,1,1.0,28
2024,2024071,8,Emilia Romagna Grand Prix,Imola Circuit,2024-05-19,19.05.2024,FORMULA 1 MSC CRUISES GRAN PREMIO DEL MADE IN ITALY E DELL'EMILIA-ROMAGNA 2024,Italy,Imola,2024-05-19 15:00:00+02:00,25,26,39,46,47,2.54,130.11712439418417,1006,754.8660791243941,Гран-при Эмилии-Романьи,Гран-при Эмилии-Романьи,Автодром Энцо и Дино Феррари (Имола),Италия,Имола,Sunny,Солнечно,Emilia Romagna Grand Prix,Эмилия-Романья,Emilia Romagna,ITA,EMI,1,07,25,42,24,1,1.0,2
2024,2024081,9,Monaco Grand Prix,Circuit de Monaco,2024-05-26,26.05.2024,FORMULA 1 GRAND PRIX DE MONACO 2024,Monaco,Monaco,2024-05-26 15:00:00+02:00,22,22,40,49,61,0.92,173.6645109135004,1019,763.9918339401778,Гран-при Монако,Гран-при Монако,Городская трасса Монако,Монако,Монте-Карло,Sunny,Солнечно,Monaco Grand Prix,Монако,Monaco,MON,MON,1,08,21,44,24,1,1.0,5
2024,2024091,10,Canadian Grand Prix,Circuit Gilles Villeneuve,2024-06-09,09.06.2024,FORMULA 1 AWS GRAND PRIX DU CANADA 2024,Canada,Montréal,2024-06-09 14:00:00-04:00,16,19,20,28,74,1.15,152.59040880503144,996,747.2059981132076,Гран-при Канады,Гран-при Канады,Трасса имени Жиля Вильнёва,Канада,Монреаль,Wet-drying,Подсыхающая трасса,Canadian Grand Prix,Канада,Canada,CAN,CAN,1,09,17,24,24,1,1.0,29
2024,2024101,11,Spanish Grand Prix,Circuit de Barcelona-Catalunya,2024-06-23,23.06.2024,FORMULA 1 ARAMCO GRAN PREMIO DE ESPAÑA 2024,Spain,Barcelona,2024-06-23 15:00:00+02:00,24,25,38,44,63,1.57,187.54809160305342,1001,751.0021555190839,Гран-при Испании,Гран-при Испании,Трасса Барселона-Каталунья,Испания,Барселона,Partly-cloudy,Переменная облачность,Spanish Grand Prix,Испания,Spain,ESP,ESP,1,10,24,40,24,1,1.0,4
2024,2024110,12,"Austrian Grand Prix, sprint",Red Bull Ring,2024-06-29,29.06.2024,FORMULA 1 QATAR AIRWAYS AUSTRIAN GRAND PRIX 2024,Austria,Spielberg,2024-06-30 15:00:00+02:00,22,23,34,35,72,1.40,184.35607675906184,924,693.2975702430704,"Гран-при Австрии, спринт",Гран-при Австрии,Трасса Ред Булл Ринг,Австрия,Шпильберг,Sunny,Солнечно,Austrian Grand Prix,"Австрия, спринт","Austria, спринт",AUT,AUT*,0,11,22,34,24,1,1.0,30
2024,2024111,13,Austrian Grand Prix,Red Bull Ring,2024-06-30,30.06.2024,FORMULA 1 QATAR AIRWAYS AUSTRIAN GRAND PRIX 2024,Austria,Spielberg,2024-06-30 15:00:00+02:00,29,31,44,49,34,1.45,209.932384341637,933,699.7052957893237,Гран-при Австрии,Гран-при Австрии,Трасса Ред Булл Ринг,Австрия,Шпильберг,Partly-cloudy,Переменная облачность,Austrian Grand Prix,Австрия,Austria,AUT,AUT,1,11,29,46,24,1,1.0,9
2024,2024121,14,British Grand Prix,Silverstone Circuit,2024-07-07,07.07.2024,FORMULA 1 QATAR AIRWAYS BRITISH GRAND PRIX 2024,United Kingdom,Silverstone,2024-07-07 15:00:00+01:00,14,17,21,33,68,1.48,228.94380853277835,992,744.2479325744016,Гран-при Великобритании,Гран-при Великобритании,Трасса Сильверстоун,Великобритания,Сильверстоун,Light-rain,Легкий дождь,British Grand Prix,Великобритания,Great Britain,GBR,GBR,1,12,15,26,24,1,1.0,11
2024,2024131,15,Hungarian Grand Prix,Hungaroring,2024-07-21,21.07.2024,FORMULA 1 HUNGARIAN GRAND PRIX 2024,Hungary,Budapest,2024-07-21 15:00:00+02:00,29,30,40,48,46,1.22,200.66642066420664,982,736.2318274140222,Гран-при Венгрии,Гран-при Венгрии,Трасса Хунгароринг,Венгрия,Будапешт,Clear,Ясно,Hungarian Grand Prix,Венгрия,Hungary,HUN,HUN,1,13,29,44,24,1,1.0,12
2024,2024141,16,Belgian Grand Prix,Circuit de Spa-Francorchamps,2024-07-28,28.07.2024,FORMULA 1 ROLEX BELGIAN GRAND PRIX 2024,Belgium,Spa-Francorchamps,2024-07-28 15:00:00+02:00,21,22,42,44,49,1.71,140.20689655172413,978,733.6034517146255,Гран-при Бельгии,Гран-при Бельгии,Трасса Спа-Франкоршам,Бельгия,Спа,Sunny,Солнечно,Belgian Grand Prix,Бельгия,Belgium,BEL,BEL,1,14,21,42,24,1,1.0,13
2024,2024151,17,Dutch Grand Prix,Circuit Zandvoort,2024-08-25,25.08.2024,FORMULA 1 HEINEKEN DUTCH GRAND PRIX 2024,Netherlands,Zandvoort,2024-08-25 15:00:00+02:00,19,20,28,32,58,4.60,215.68863955119215,1020,765.0374253071528,Гран-при Нидерландов,Гран-при Нидерландов,Трасса Зандворт,Нидерланды,Зандворт,Partly-cloudy,Переменная облачность,Dutch Grand Prix,Нидерланды,Netherlands,NLD,NLD,1,15,19,30,24,1,1.0,14
2024,2024161,18,Italian Grand Prix,Monza Circuit,2024-09-01,01.09.2024,FORMULA 1 PIRELLI GRAN PREMIO D’ITALIA 2024,Italy,Monza,2024-09-01 15:00:00+02:00,32,34,44,51,32,1.58,192.37896825396825,993,744.8016924642856,Гран-при Италии,Гран-при Италии,Национальный автодром Монцы,Италия,Монца,Partly-cloudy,Переменная облачность,Italian Grand Prix,Италия,Italy,ITA,ITA,1,16,33,47,24,1,1.0,16
2024,2024171,19,Azerbaijan Grand Prix,Baku City Circuit,2024-09-15,15.09.2024,FORMULA 1 QATAR AIRWAYS AZERBAIJAN GRAND PRIX 2024,Azerbaijan,Baku,2024-09-15 15:00:00+04:00,26,27,41,46,37,1.70,112.28982528263104,1018,763.2888074491264,Гран-при Азербайджана,Гран-при Азербайджана,Городская трасса Баку,Азербайджан,Баку,Sunny,Солнечно,Azerbaijan Grand Prix,Азербайджан,Azerbaijan,AZR,AZR,1,17,26,43,24,1,1.0,6
2024,2024181,20,Singapore Grand Prix,Marina Bay Street Circuit,2024-09-22,22.09.2024,FORMULA 1 SINGAPORE AIRLINES SINGAPORE GRAND PRIX 2024,Singapore,Marina Bay,2024-09-22 20:00:00+08:00,30,31,34,37,74,1.14,200.23874256584537,1008,756.3507538572642,Гран-при Сингапура,Гран-при Сингапура,Городская трасса Марина-Бей,Сингапур,Марина Бэй,Clear,Ясно,Singapore Grand Prix,Сингапур,Singapore,SGP,SGP,1,18,30,35,24,1,1.0,31
2024,2024190,21,"United States Grand Prix, sprint",Circuit of the Americas,2024-10-19,19.10.2024,FORMULA 1 PIRELLI UNITED STATES GRAND PRIX 2024,United States,Austin,2024-10-20 14:00:00-05:00,19,19,25,27,82,1.43,141.03827751196172,962,721.1952508133971,"Гран-при США, спринт",Гран-при США,Трасса Америк,США,Остин,Sunny,Солнечно,United States Grand Prix,"США, спринт","USA, спринт",USA,USA*,0,19,19,25,24,1,1.0,36
2024,2024191,22,United States Grand Prix,Circuit of the Americas,2024-10-20,20.10.2024,FORMULA 1 PIRELLI UNITED STATES GRAND PRIX 2024,United States,Austin,2024-10-20 14:00:00-05:00,28,29,46,48,34,1.43,232.51463644948063,1006,754.5776418356941,Гран-при США,Гран-при США,Трасса Америк,США,Остин,Sunny,Солнечно,United States Grand Prix,США,USA,USA,USA,1,19,28,46,24,1,1.0,19
2024,2024201,23,Mexico City Grand Prix,Autodromo Hermanos Rodriguez,2024-10-27,27.10.2024,FORMULA 1 GRAN PREMIO DE LA CIUDAD DE MÉXICO 2024,Mexico,Mexico City,2024-10-27 14:00:00-06:00,20,21,31,40,50,2.26,288.520987654321,785,588.6880171999999,Гран-при Мехико,Гран-при Мехико,Автодром имени братьев Родригес,Мексика,Мехико,Partly-cloudy,Переменная облачность,Mexico City Grand Prix,Мехико,Mexico,MEX,MEX,1,20,20,35,24,1,1.0,20
2024,2024210,24,"São Paulo Grand Prix, sprint",Interlagos Circuit,2024-11-02,02.11.2024,FORMULA 1 LENOVO GRANDE PRÊMIO DE SÃO PAULO 2024,Brazil,São Paulo,2024-11-03 12:30:00-03:00,28,29,44,49,57,2.91,154.07267441860466,1017,762.629392098837,"Гран-при Сан-Паулу, спринт",Гран-при Сан-Паулу,Автодром имени Жозе Карлуса Пасе (Интерлагос),Бразилия,Сан-Паулу,Cloudy,Облачно,São Paulo Grand Prix,"Сан-Паулу, спринт","Sao Paulo, спринт",BRA,BRA*,0,21,28,46,24,1,1.0,21
2024,2024211,25,São Paulo Grand Prix,Interlagos Circuit,2024-11-03,03.11.2024,FORMULA 1 LENOVO GRANDE PRÊMIO DE SÃO PAULO 2024,Brazil,São Paulo,2024-11-03 12:30:00-03:00,20,22,23,26,85,0.76,190.02907488986784,926,694.674512246696,Гран-при Сан-Паулу,Гран-при Сан-Паулу,Автодром имени Жозе Карлуса Пасе (Интерлагос),Бразилия,Сан-Паулу,Rain,Дождь,São Paulo Grand Prix,Сан-Паулу,Sao Paulo,BRA,BRA,1,21,21,24,24,1,1.0,22
2024,2024221,26,Las Vegas Grand Prix,Las Vegas Strip Circuit,2024-11-23,23.11.2024,FORMULA 1 HEINEKEN SILVER LAS VEGAS GRAND PRIX 2024,United States,Las Vegas,2024-11-23 22:00:00-08:00,17,18,17,18,47,3.11,241.6950959488273,936,702.077910140725,Гран-при Лас-Вегаса,Гран-при Лас-Вегаса,Городская трасса Лас-Вегас,США,Лас-Вегас,Clear,Ясно,Las Vegas Grand Prix,Лас-Вегас,Las Vegas,USA,LVG,1,22,17,17,24,1,1.0,37
2024,2024230,27,"Qatar Grand Prix, sprint",Lusail International Circuit,2024-11-30,30.11.2024,FORMULA 1 QATAR AIRWAYS QATAR GRAND PRIX 2024,Qatar,Lusail,2024-12-01 19:00:00+03:00,26,27,29,33,76,1.04,179.95166163141994,1015,761.6793584773412,"Гран-при Катара, спринт",Гран-при Катара,Международный автодром Лусаил,Катар,Лусаил,Clear,Ясно,Qatar Grand Prix,"Катар, спринт","Qatar, спринт",QAT,QAT*,0,23,26,30,24,1,1.0,35
2024,2024231,28,Qatar Grand Prix,Lusail International Circuit,2024-12-01,01.12.2024,FORMULA 1 QATAR AIRWAYS QATAR GRAND PRIX 2024,Qatar,Lusail,2024-12-01 19:00:00+03:00,18,19,22,23,58,1.22,111.59703075291623,1016,761.7478119384941,Гран-при Катара,Гран-при Катара,Международный автодром Лусаил,Катар,Лусаил,Clear,Ясно,Qatar Grand Prix,Катар,Qatar,QAT,QAT,1,23,18,22,24,1,1.0,23
2024,2024241,29,Abu Dhabi Grand Prix,Yas Marina Circuit,2024-12-08,08.12.2024,FORMULA 1 ETIHAD AIRWAYS ABU DHABI GRAND PRIX 2024,United Arab Emirates,Yas Island,2024-12-08 17:00:00+04:00,26,27,29,32,55,1.85,116.40676328502416,1018,763.2617082260869,Гран-при Абу-Даби,Гран-при Абу-Даби,Трасса Яс Марина,Объединённые Арабские Эмираты,Яс,Clear,Ясно,Abu Dhabi Grand Prix,Абу-Даби,Abu Dhabi,ARE,ARE,1,24,26,30,24,1,1.0,25
2025,2025011,0,Australian Grand Prix,Albert Park Circuit,2025-03-16,16.03.2025,FORMULA 1 LOUIS VUITTON AUSTRALIAN GRAND PRIX 2025,Australia,Melbourne,2025-03-16 15:00:00+11:00,15,17,19,19,75,2.94,233.37216828478964,1010,757.7126348155341,Гран-при Австралии,Гран-при Австралии,Трасса Альберт-Парк,Австралия,Мельбурн,Light-rain,Легкий дождь,Australian Grand Prix,Австралия,Australia,AUS,AUS,1,01,15,19,24,1,1.0,26
2025,2025020,1,"Chinese Grand Prix, sprint",Shanghai International Circuit,2025-03-22,22.03.2025,FORMULA 1 HEINEKEN CHINESE GRAND PRIX 2025,China,Shanghai,2025-03-23 15:00:00+08:00,23,24,36,37,30,1.42,202.94473684210527,1019,763.9520981210526,"Гран-при Китая, спринт",Гран-при Китая,Международный автодром Шанхая,Китай,Шанхай,Partly-cloudy,Переменная облачность,Chinese Grand Prix,"Китай, спринт","China, спринт",CHN,CHN*,0,02,23,36,24,1,1.0,38
2025,2025021,2,Chinese Grand Prix,Shanghai International Circuit,2025-03-23,23.03.2025,FORMULA 1 HEINEKEN CHINESE GRAND PRIX 2025,China,Shanghai,2025-03-23 15:00:00+08:00,26,28,31,36,19,2.16,235.4882629107981,1010,757.6886384112677,Гран-при Китая,Гран-при Китая,Международный автодром Шанхая,Китай,Шанхай,Partly-cloudy,Переменная облачность,Chinese Grand Prix,Китай,China,CHN,CHN,1,02,27,33,24,1,1.0,39
2025,2025031,3,Japanese Grand Prix,Suzuka International Racing Course,2025-04-06,06.04.2025,FORMULA 1 LENOVO JAPANESE GRAND PRIX 2025 ,Japan,Suzuka,2025-04-06 14:00:00+09:00,14,15,19,21,77,1.23,272.05949008498584,1009,756.874780266289,Гран-при Японии,Гран-при Японии,Международная гоночная трасса Сузука,Япония,Сузука,Cloudy,Облачно,Japanese Grand Prix,Япония,Japan,JPN,JPN,1,03,14,20,24,1,1.0,32
2025,2025041,4,Bahrain Grand Prix,Bahrain International Circuit,2025-04-13,13.04.2025,FORMULA 1 GULF AIR BAHRAIN GRAND PRIX 2025,Bahrain,Sakhir,2025-04-13 18:00:00+03:00,27,27,30,32,46,1.97,48.097517730496456,1008,756.233698643617,Гран-при Бахрейна,Гран-при Бахрейна,Международный автодром Бахрейна,Бахрейн,Сахир,Clear,Ясно,Bahrain Grand Prix,Бахрейн,Bahrain,BAH,BAH,1,04,26,31,24,1,1.0,1
2025,2025051,5,Saudi Arabian Grand Prix,Jeddah Corniche Circuit,2025-04-20,20.04.2025,FORMULA 1 STC SAUDI ARABIAN GRAND PRIX 2025,Saudi Arabia,Jeddah,2025-04-20 20:00:00+03:00,28,32,36,38,57,0.94,161.34409799554567,1007,755.3185219844098,Гран-при Саудовской Аравии,Гран-при Саудовской Аравии,Городская трасса Джидда,Саудовская Аравия,Джидда,Clear,Ясно,Saudi Arabian Grand Prix,Саудовская Аравия,Saudi Arabia,SAU,SAU,1,05,30,37,24,1,1.0,24
2025,2025060,6,"Miami Grand Prix, sprint",Miami International Autodrome,2025-05-03,03.05.2025,FORMULA 1 CRYPTO.COM MIAMI GRAND PRIX 2025,United States,Miami Gardens,2025-05-04 16:00:00-04:00,33,33,36,36,22,1.99,103.0026525198939,993,744.5380065517242,"Гран-при Майами, спринт",Гран-при Майами,Международный автодром Майами,США,Miami Gardens,Wet-drying,Подсыхающая трасса,Miami Grand Prix,"Майами, спринт","Miami, спринт",USA,MIA*,0,06,33,36,24,1,1.0,40
2025,2025061,7,Miami Grand Prix,Miami International Autodrome,2025-05-04,04.05.2025,FORMULA 1 CRYPTO.COM MIAMI GRAND PRIX 2025,United States,Miami Gardens,2025-05-04 16:00:00-04:00,26,27,35,40,62,0.90,261.4049751243781,1012,759.2056569671641,Гран-при Майами,Гран-при Майами,Международный автодром Майами,США,Miami Gardens,Cloudy,Облачно,Miami Grand Prix,Майами,Miami,USA,MIA,1,06,26,37,24,1,1.0,28
2025,2025071,8,Emilia Romagna Grand Prix,Imola Circuit,2025-05-18,18.05.2025,FORMULA 1 AWS GRAN PREMIO DEL MADE IN ITALY E DELL'EMILIA-ROMAGNA 2025,Italy,Imola,2025-05-18 15:00:00+02:00,24,24,39,45,38,3.14,283.54349627174815,1010,757.3093578641259,Гран-при Эмилии-Романьи,Гран-при Эмилии-Романьи,Автодром Энцо и Дино Феррари (Имола),Италия,Имола,Sunny,Солнечно,Emilia Romagna Grand Prix,Эмилия-Романья,Emilia Romagna,ITA,EMI,1,07,24,42,24,1,1.0,2
2025,2025081,9,Monaco Grand Prix,Circuit de Monaco,2025-05-25,25.05.2025,FORMULA 1 TAG HEUER GRAND PRIX DE MONACO 2025,Monaco,Monaco,2025-05-25 15:00:00+02:00,22,23,41,45,52,0.91,180.55929824561403,1017,762.5568417726315,Гран-при Монако,Гран-при Монако,Городская трасса Монако,Монако,Монте-Карло,Sunny,Солнечно,Monaco Grand Prix,Монако,Monaco,MON,MON,1,08,22,43,24,1,1.0,5
2025,2025091,10,Spanish Grand Prix,Circuit de Barcelona-Catalunya,2025-06-01,01.06.2025,FORMULA 1 ARAMCO GRAN PREMIO DE ESPAÑA 2025,Spain,Barcelona,2025-06-01 15:00:00+02:00,28,30,46,50,58,1.83,110.67913549459684,1003,751.9451882094763,Гран-при Испании,Гран-при Испании,Трасса Барселона-Каталунья,Испания,Барселона,Sunny,Солнечно,Spanish Grand Prix,Испания,Spain,ESP,ESP,1,09,28,48,24,1,1.0,4
2025,2025101,11,Canadian Grand Prix,Circuit Gilles Villeneuve,2025-06-15,15.06.2025,FORMULA 1 PIRELLI GRAND PRIX DU CANADA 2025,Canada,Montréal,2025-06-15 14:00:00-04:00,23,26,49,50,28,1.07,167.0378057820608,1019,764.2565952364713,Гран-при Канады,Гран-при Канады,Трасса имени Жиля Вильнёва,Канада,Монреаль,Sunny,Солнечно,Canadian Grand Prix,Канада,Canada,CAN,CAN,1,10,24,49,24,1,1.0,29
2025,2025111,12,Austrian Grand Prix,Red Bull Ring,2025-06-29,29.06.2025,FORMULA 1 MSC CRUISES AUSTRIAN GRAND PRIX 2025,Austria,Spielberg,2025-06-29 15:00:00+02:00,30,31,46,50,31,1.95,69.23425022182786,943,707.3075783052351,Гран-при Австрии,Гран-при Австрии,Трасса Ред Булл Ринг,Австрия,Шпильберг,Sunny,Солнечно,Austrian Grand Prix,Австрия,Austria,AUT,AUT,1,11,30,48,24,1,1.0,9
2025,2025121,13,British Grand Prix,Silverstone Circuit,2025-07-06,06.07.2025,FORMULA 1 QATAR AIRWAYS BRITISH GRAND PRIX 2025,United Kingdom,Silverstone,2025-07-06 15:00:00+01:00,16,20,20,25,76,1.63,121.23002421307505,989,741.683664087167,Гран-при Великобритании,Гран-при Великобритании,Трасса Сильверстоун,Великобритания,Сильверстоун,Wet-drying,Подсыхающая трасса,British Grand Prix,Великобритания,Great Britain,GBR,GBR,1,12,17,22,24,1,1.0,11
2025,2025130,14,"Belgian Grand Prix, sprint",Circuit de Spa-Francorchamps,2025-07-26,26.07.2025,FORMULA 1 MOËT & CHANDON BELGIAN GRAND PRIX 2025,Belgium,Spa-Francorchamps,2025-07-27 15:00:00+02:00,27,28,40,52,18,1.46,68.3125,921,690.8808910500001,"Гран-при Бельгии, спринт",Гран-при Бельгии,Трасса Спа-Франкоршам,Бельгия,Спа,Partly-cloudy,Переменная облачность,Belgian Grand Prix,"Бельгия, спринт","Belgium, спринт",BEL,BEL*,0,13,27,46,24,1,1.0,34
2025,2025131,15,Belgian Grand Prix,Circuit de Spa-Francorchamps,2025-07-27,27.07.2025,FORMULA 1 MOËT & CHANDON BELGIAN GRAND PRIX 2025,Belgium,Spa-Francorchamps,2025-07-27 15:00:00+02:00,17,18,22,26,81,1.56,291.3856655290102,965,723.9173797474402,Гран-при Бельгии,Гран-при Бельгии,Трасса Спа-Франкоршам,Бельгия,Спа,Wet-drying,Подсыхающая трасса,Belgian Grand Prix,Бельгия,Belgium,BEL,BEL,1,13,17,24,24,1,1.0,13
2025,2025141,16,Hungarian Grand Prix,Hungaroring,2025-08-03,03.08.2025,FORMULA 1 LENOVO HUNGARIAN GRAND PRIX 2025,Hungary,Budapest,2025-08-03 15:00:00+02:00,22,22,31,32,57,1.98,258.8179824561403,987,740.3876802236842,Гран-при Венгрии,Гран-при Венгрии,Трасса Хунгароринг,Венгрия,Будапешт,Cloudy,Облачно,Hungarian Grand Prix,Венгрия,Hungary,HUN,HUN,1,14,22,31,24,1,1.0,12
2025,2025151,17,Dutch Grand Prix,Circuit Zandvoort,2025-08-31,31.08.2025,FORMULA 1 HEINEKEN DUTCH GRAND PRIX 2025,Netherlands,Zandvoort,2025-08-31 15:00:00+02:00,19,21,26,29,72,2.36,189.77272727272728,1006,754.6605512991202,Гран-при Нидерландов,Гран-при Нидерландов,Трасса Зандворт,Нидерланды,Зандворт,Cloudy,Облачно,Dutch Grand Prix,Нидерланды,Netherlands,NLD,NLD,1,15,20,27,24,1,1.0,14
2025,2025161,18,Italian Grand Prix,Monza Circuit,2025-09-07,07.09.2025,FORMULA 1 PIRELLI GRAN PREMIO D’ITALIA 2025,Italy,Monza,2025-09-07 15:00:00+02:00,27,27,40,45,42,2.46,195.29846153846154,997,747.5064880430768,Гран-при Италии,Гран-при Италии,Национальный автодром Монцы,Италия,Монца,Sunny,Солнечно,Italian Grand Prix,Италия,Italy,ITA,ITA,1,16,27,42,24,1,1.0,16
2025,2025171,19,Azerbaijan Grand Prix,Baku City Circuit,2025-09-21,21.09.2025,FORMULA 1 QATAR AIRWAYS AZERBAIJAN GRAND PRIX 2025,Azerbaijan,Baku,2025-09-21 15:00:00+04:00,20,21,24,27,60,1.52,177.01239669421489,1022,766.2261175661157,Гран-при Азербайджана,Гран-при Азербайджана,Городская трасса Баку,Азербайджан,Баку,Cloudy,Облачно,Azerbaijan Grand Prix,Азербайджан,Azerbaijan,AZR,AZR,1,17,20,25,24,1,1.0,6
2025,2025181,20,Singapore Grand Prix,Marina Bay Street Circuit,2025-10-05,05.10.2025,FORMULA 1 SINGAPORE AIRLINES SINGAPORE GRAND PRIX 2025,Singapore,Marina Bay,2025-10-05 20:00:00+08:00,29,30,33,34,73,1.17,147.42636289666396,1011,758.3271991586656,Гран-при Сингапура,Гран-при Сингапура,Городская трасса Марина-Бей,Сингапур,Марина Бэй,Clear,Ясно,Singapore Grand Prix,Сингапур,Singapore,SGP,SGP,1,18,29,33,24,1,1.0,31
2025,2025190,21,"United States Grand Prix, sprint",Circuit of the Americas,2025-10-18,18.10.2025,FORMULA 1 MSC CRUISES UNITED STATES GRAND PRIX 2025,United States,Austin,2025-10-19 14:00:00-05:00,22,22,33,35,63,1.02,156.67532467532467,1009,756.650786961039,"Гран-при США, спринт",Гран-при США,Трасса Америк,США,Остин,Sunny,Солнечно,United States Grand Prix,"США, спринт","USA, спринт",USA,USA*,0,19,22,34,24,1,1.0,36
2025,2025191,22,United States Grand Prix,Circuit of the Americas,2025-10-19,19.10.2025,FORMULA 1 MSC CRUISES UNITED STATES GRAND PRIX 2025,United States,Austin,2025-10-19 14:00:00-05:00,28,29,45,46,21,1.72,239.37207122774134,1001,750.6508392033738,Гран-при США,Гран-при США,Трасса Америк,США,Остин,Sunny,Солнечно,United States Grand Prix,США,USA,USA,USA,1,19,28,45,24,1,1.0,19
2025,2025201,23,Mexico City Grand Prix,Autodromo Hermanos Rodriguez,2025-10-26,26.10.2025,FORMULA 1 GRAN PREMIO DE LA CIUDAD DE MÉXICO 2025,Mexico,Mexico City,2025-10-26 14:00:00-06:00,26,27,46,53,23,1.92,242.20665083135393,781,585.5289050736341,Гран-при Мехико,Гран-при Мехико,Автодром имени братьев Родригес,Мексика,Мехико,Sunny,Солнечно,Mexico City Grand Prix,Мехико,Mexico,MEX,MEX,1,20,26,49,24,1,1.0,20
2025,2025210,24,"São Paulo Grand Prix, sprint",Interlagos Circuit,2025-11-08,08.11.2025,FORMULA 1 MSC CRUISES GRANDE PRÊMIO DE SÃO PAULO 2025,Brazil,São Paulo,2025-11-09 14:00:00-03:00,20,20,27,28,55,2.17,74.845,1001,750.92069385,"Гран-при Сан-Паулу, спринт",Гран-при Сан-Паулу,Автодром имени Жозе Карлуса Пасе (Интерлагос),Бразилия,Сан-Паулу,Cloudy,Облачно,São Paulo Grand Prix,"Сан-Паулу, спринт","Sao Paulo, спринт",BRA,BRA*,0,21,20,27,24,1,1.0,21
2025,2025211,25,São Paulo Grand Prix,Interlagos Circuit,2025-11-09,09.11.2025,FORMULA 1 MSC CRUISES GRANDE PRÊMIO DE SÃO PAULO 2025,Brazil,São Paulo,2025-11-09 14:00:00-03:00,17,18,30,32,70,1.55,165.9048760991207,930,697.2604526330933,Гран-при Сан-Паулу,Гран-при Сан-Паулу,Автодром имени Жозе Карлуса Пасе (Интерлагос),Бразилия,Сан-Паулу,Cloudy,Облачно,São Paulo Grand Prix,Сан-Паулу,Sao Paulo,BRA,BRA,1,21,17,30,24,1,1.0,22
2025,2025221,26,Las Vegas Grand Prix,Las Vegas Strip Circuit,2025-11-22,22.11.2025,FORMULA 1 HEINEKEN LAS VEGAS GRAND PRIX 2025,United States,Las Vegas,2025-11-22 20:00:00-08:00,16,17,17,19,38,1.88,192.55417607223475,942,706.4240319751692,Гран-при Лас-Вегаса,Гран-при Лас-Вегаса,Городская трасса Лас-Вегас,США,Лас-Вегас,Clear,Ясно,Las Vegas Grand Prix,Лас-Вегас,Las Vegas,USA,LVG,1,22,16,17,24,1,1.0,37
2025,2025230,27,"Qatar Grand Prix, sprint",Lusail International Circuit,2025-11-29,29.11.2025,FORMULA 1 QATAR AIRWAYS QATAR GRAND PRIX 2025,Qatar,Lusail,2025-11-30 19:00:00+03:00,16,17,32,35,71,0.55,176.42291666666668,928,695.8806659999999,"Гран-при Катара, спринт",Гран-при Катара,Международный автодром Лусаил,Катар,Лусаил,Clear,Ясно,Qatar Grand Prix,"Катар, спринт","Qatar, спринт",QAT,QAT*,0,23,16,33,24,1,1.0,35
2025,2025231,28,Qatar Grand Prix,Lusail International Circuit,2025-11-30,30.11.2025,FORMULA 1 QATAR AIRWAYS QATAR GRAND PRIX 2025,Qatar,Lusail,2025-11-30 19:00:00+03:00,22,23,26,28,71,0.91,168.94095595126524,1016,762.2231332352391,Гран-при Катара,Гран-при Катара,Международный автодром Лусаил,Катар,Лусаил,Clear,Ясно,Qatar Grand Prix,Катар,Qatar,QAT,QAT,1,23,22,27,24,1,1.0,23
2025,2025241,29,Abu Dhabi Grand Prix,Yas Marina Circuit,2025-12-07,07.12.2025,FORMULA 1 ETIHAD AIRWAYS ABU DHABI GRAND PRIX 2025,United Arab Emirates,Yas Island,2025-12-07 17:00:00+04:00,26,27,29,32,63,1.64,247.2024221453287,1017,762.7020796245674,Гран-при Абу-Даби,Гран-при Абу-Даби,Трасса Яс Марина,Объединённые Арабские Эмираты,Яс,Clear,Ясно,Abu Dhabi Grand Prix,Абу-Даби,Abu Dhabi,ARE,ARE,1,24,26,30,24,1,1.0,25
